西樵山国家地质公园,1,22.929227,112.983103,广东省佛山市南海区校前路与碧桂街交叉口西南50米,1b89158e1690b6b907fef597
西樵山国家地质公园,1,22.929227,112.983103,广东省佛山市南海区校前路与碧桂街交叉口西南50米,1b89158e1690b6b907fef597
西樵山国家地质公园,1,22.929227,112.983103,广东省佛山市南海区校前路与碧桂街交叉口西南50米,1b89158e1690b6b907fef597
西樵山国家地质公园,1,22.929227,112.983103,广东省佛山市南海区校前路与碧桂街交叉口西南50米,1b89158e1690b6b907fef597
西樵山国家地质公园,1,22.929227,112.983103,广东省佛山市南海区校前路与碧桂街交叉口西南50米,1b89158e1690b6b907fef597
西樵山国家地质公园,1,22.929227,112.983103,广东省佛山市南海区校前路与碧桂街交叉口西南50米,1b89158e1690b6b907fef597
西樵山国家地质公园,1,22.929227,112.983103,广东省佛山市南海区校前路与碧桂街交叉口西南50米,1b89158e1690b6b907fef597
西樵山国家地质公园,1,22.929227,112.983103,广东省佛山市南海区校前路与碧桂街交叉口西南50米,1b89158e1690b6b907fef597
西樵山国家地质公园,1,22.929227,112.983103,广东省佛山市南海区校前路与碧桂街交叉口西南50米,1b89158e1690b6b907fef597
云勇森林公园,1,22.781212,112.668854,广东省佛山市高明区云勇林场,0df0ee4c9386b142705e804d
云勇森林公园,1,22.781212,112.668854,广东省佛山市高明区云勇林场,0df0ee4c9386b142705e804d
云勇森林公园,1,22.781212,112.668854,广东省佛山市高明区云勇林场,0df0ee4c9386b142705e804d
云勇森林公园,1,22.781212,112.668854,广东省佛山市高明区云勇林场,0df0ee4c9386b142705e804d
云勇森林公园,1,22.781212,112.668854,广东省佛山市高明区云勇林场,0df0ee4c9386b142705e804d
云勇森林公园,1,22.781212,112.668854,广东省佛山市高明区云勇林场,0df0ee4c9386b142705e804d
云勇森林公园,1,22.781212,112.668854,广东省佛山市高明区云勇林场,0df0ee4c9386b142705e804d
云勇森林公园,1,22.781212,112.668854,广东省佛山市高明区云勇林场,0df0ee4c9386b142705e804d
七星岗公园,1,22.89273,112.884886,佛山市高明区荷城文华路648号,41572e004ec403b4b55f1e8b
七星岗公园,1,22.89273,112.884886,佛山市高明区荷城文华路648号,41572e004ec403b4b55f1e8b
七星岗公园,1,22.89273,112.884886,佛山市高明区荷城文华路648号,41572e004ec403b4b55f1e8b
七星岗公园,1,22.89273,112.884886,佛山市高明区荷城文华路648号,41572e004ec403b4b55f1e8b
七星岗公园,1,22.89273,112.884886,佛山市高明区荷城文华路648号,41572e004ec403b4b55f1e8b
七星岗公园,1,22.89273,112.884886,佛山市高明区荷城文华路648号,41572e004ec403b4b55f1e8b
七星岗公园,1,22.89273,112.884886,佛山市高明区荷城文华路648号,41572e004ec403b4b55f1e8b
七星岗公园,1,22.89273,112.884886,佛山市高明区荷城文华路648号,41572e004ec403b4b55f1e8b
七星岗公园,1,22.89273,112.884886,佛山市高明区荷城文华路648号,41572e004ec403b4b55f1e8b
明湖公园,1,22.928565,112.87184,荷富路辅路东50米,efc84585292a206d8f1a89b2
明湖公园,1,22.928565,112.87184,荷富路辅路东50米,efc84585292a206d8f1a89b2
明湖公园,1,22.928565,112.87184,荷富路辅路东50米,efc84585292a206d8f1a89b2
明湖公园,1,22.928565,112.87184,荷富路辅路东50米,efc84585292a206d8f1a89b2
明湖公园,1,22.928565,112.87184,荷富路辅路东50米,efc84585292a206d8f1a89b2
明湖公园,1,22.928565,112.87184,荷富路辅路东50米,efc84585292a206d8f1a89b2
明湖公园,1,22.928565,112.87184,荷富路辅路东50米,efc84585292a206d8f1a89b2
明湖公园,1,22.928565,112.87184,荷富路辅路东50米,efc84585292a206d8f1a89b2
灵龟园,1,22.89817,112.908687,沿江路283号,2e00c5dd4611861cd6851f8b
灵龟园,1,22.89817,112.908687,沿江路283号,2e00c5dd4611861cd6851f8b
灵龟园,1,22.89817,112.908687,沿江路283号,2e00c5dd4611861cd6851f8b
灵龟园,1,22.89817,112.908687,沿江路283号,2e00c5dd4611861cd6851f8b
灵龟园,1,22.89817,112.908687,沿江路283号,2e00c5dd4611861cd6851f8b
灵龟园,1,22.89817,112.908687,沿江路283号,2e00c5dd4611861cd6851f8b
灵龟园,1,22.89817,112.908687,沿江路283号,2e00c5dd4611861cd6851f8b
灵龟园,1,22.89817,112.908687,沿江路283号,2e00c5dd4611861cd6851f8b
灵龟园,1,22.89817,112.908687,沿江路283号,2e00c5dd4611861cd6851f8b
朝山公园,1,22.889519,112.986774,广东省佛山市南海区朝山公园(樵柏路西),ef773a0f2a87bc34230220b1
朝山公园,1,22.889519,112.986774,广东省佛山市南海区朝山公园(樵柏路西),ef773a0f2a87bc34230220b1
朝山公园,1,22.889519,112.986774,广东省佛山市南海区朝山公园(樵柏路西),ef773a0f2a87bc34230220b1
朝山公园,1,22.889519,112.986774,广东省佛山市南海区朝山公园(樵柏路西),ef773a0f2a87bc34230220b1
朝山公园,1,22.889519,112.986774,广东省佛山市南海区朝山公园(樵柏路西),ef773a0f2a87bc34230220b1
朝山公园,1,22.889519,112.986774,广东省佛山市南海区朝山公园(樵柏路西),ef773a0f2a87bc34230220b1
朝山公园,1,22.889519,112.986774,广东省佛山市南海区朝山公园(樵柏路西),ef773a0f2a87bc34230220b1
朝山公园,1,22.889519,112.986774,广东省佛山市南海区朝山公园(樵柏路西),ef773a0f2a87bc34230220b1
碧玉洞,1,22.941362,112.991238,广东省佛山市南海区西南镇北郊,acd0f2bd03402abffa42b247
碧玉洞,1,22.941362,112.991238,广东省佛山市南海区西南镇北郊,acd0f2bd03402abffa42b247
碧玉洞,1,22.941362,112.991238,广东省佛山市南海区西南镇北郊,acd0f2bd03402abffa42b247
碧玉洞,1,22.941362,112.991238,广东省佛山市南海区西南镇北郊,acd0f2bd03402abffa42b247
碧玉洞,1,22.941362,112.991238,广东省佛山市南海区西南镇北郊,acd0f2bd03402abffa42b247
碧玉洞,1,22.941362,112.991238,广东省佛山市南海区西南镇北郊,acd0f2bd03402abffa42b247
碧玉洞,1,22.941362,112.991238,广东省佛山市南海区西南镇北郊,acd0f2bd03402abffa42b247
碧玉洞,1,22.941362,112.991238,广东省佛山市南海区西南镇北郊,acd0f2bd03402abffa42b247
碧玉洞,1,22.941362,112.991238,广东省佛山市南海区西南镇北郊,acd0f2bd03402abffa42b247
大地公园,1,22.96103,112.930187,广东省佛山市南海区大地公园(百太路北260米),3da907f392db4352b320a876
大地公园,1,22.96103,112.930187,广东省佛山市南海区大地公园(百太路北260米),3da907f392db4352b320a876
大地公园,1,22.96103,112.930187,广东省佛山市南海区大地公园(百太路北260米),3da907f392db4352b320a876
大地公园,1,22.96103,112.930187,广东省佛山市南海区大地公园(百太路北260米),3da907f392db4352b320a876
大地公园,1,22.96103,112.930187,广东省佛山市南海区大地公园(百太路北260米),3da907f392db4352b320a876
大地公园,1,22.96103,112.930187,广东省佛山市南海区大地公园(百太路北260米),3da907f392db4352b320a876
大地公园,1,22.96103,112.930187,广东省佛山市南海区大地公园(百太路北260米),3da907f392db4352b320a876
大地公园,1,22.96103,112.930187,广东省佛山市南海区大地公园(百太路北260米),3da907f392db4352b320a876
大地公园,1,22.96103,112.930187,广东省佛山市南海区大地公园(百太路北260米),3da907f392db4352b320a876
荷城公园,1,22.908618,112.899353,佛山市高明区沧江路2号,c5ddcc08c0b9e5c6d913188b
荷城公园,1,22.908618,112.899353,佛山市高明区沧江路2号,c5ddcc08c0b9e5c6d913188b
荷城公园,1,22.908618,112.899353,佛山市高明区沧江路2号,c5ddcc08c0b9e5c6d913188b
荷城公园,1,22.908618,112.899353,佛山市高明区沧江路2号,c5ddcc08c0b9e5c6d913188b
荷城公园,1,22.908618,112.899353,佛山市高明区沧江路2号,c5ddcc08c0b9e5c6d913188b
荷城公园,1,22.908618,112.899353,佛山市高明区沧江路2号,c5ddcc08c0b9e5c6d913188b
荷城公园,1,22.908618,112.899353,佛山市高明区沧江路2号,c5ddcc08c0b9e5c6d913188b
荷城公园,1,22.908618,112.899353,佛山市高明区沧江路2号,c5ddcc08c0b9e5c6d913188b
荷城公园,1,22.908618,112.899353,佛山市高明区沧江路2号,c5ddcc08c0b9e5c6d913188b
天镇峰公园,1,22.940895,112.976013,江浦西路文明路路口,0a15c7ec480465fcec74f8b1
天镇峰公园,1,22.940895,112.976013,江浦西路文明路路口,0a15c7ec480465fcec74f8b1
天镇峰公园,1,22.940895,112.976013,江浦西路文明路路口,0a15c7ec480465fcec74f8b1
天镇峰公园,1,22.940895,112.976013,江浦西路文明路路口,0a15c7ec480465fcec74f8b1
天镇峰公园,1,22.940895,112.976013,江浦西路文明路路口,0a15c7ec480465fcec74f8b1
天镇峰公园,1,22.940895,112.976013,江浦西路文明路路口,0a15c7ec480465fcec74f8b1
天镇峰公园,1,22.940895,112.976013,江浦西路文明路路口,0a15c7ec480465fcec74f8b1
天镇峰公园,1,22.940895,112.976013,江浦西路文明路路口,0a15c7ec480465fcec74f8b1
天镇峰公园,1,22.940895,112.976013,江浦西路文明路路口,0a15c7ec480465fcec74f8b1
渔耕粤韵,1,22.90842,112.984456,西樵镇环山大道西樵山南门(国艺影视城对面),eabe42172d54b5bb9fec2b8d
渔耕粤韵,1,22.90842,112.984456,西樵镇环山大道西樵山南门(国艺影视城对面),eabe42172d54b5bb9fec2b8d
渔耕粤韵,1,22.90842,112.984456,西樵镇环山大道西樵山南门(国艺影视城对面),eabe42172d54b5bb9fec2b8d
渔耕粤韵,1,22.90842,112.984456,西樵镇环山大道西樵山南门(国艺影视城对面),eabe42172d54b5bb9fec2b8d
渔耕粤韵,1,22.90842,112.984456,西樵镇环山大道西樵山南门(国艺影视城对面),eabe42172d54b5bb9fec2b8d
渔耕粤韵,1,22.90842,112.984456,西樵镇环山大道西樵山南门(国艺影视城对面),eabe42172d54b5bb9fec2b8d
渔耕粤韵,1,22.90842,112.984456,西樵镇环山大道西樵山南门(国艺影视城对面),eabe42172d54b5bb9fec2b8d
渔耕粤韵,1,22.90842,112.984456,西樵镇环山大道西樵山南门(国艺影视城对面),eabe42172d54b5bb9fec2b8d
渔耕粤韵,1,22.90842,112.984456,西樵镇环山大道西樵山南门(国艺影视城对面),eabe42172d54b5bb9fec2b8d
渔耕粤韵,1,22.90842,112.984456,西樵镇环山大道西樵山南门(国艺影视城对面),eabe42172d54b5bb9fec2b8d
华山公园,1,22.88903,112.859289,佛山市高明区人民医院荷城分院对面,3810c8791819268b9d09f788
华山公园,1,22.88903,112.859289,佛山市高明区人民医院荷城分院对面,3810c8791819268b9d09f788
华山公园,1,22.88903,112.859289,佛山市高明区人民医院荷城分院对面,3810c8791819268b9d09f788
华山公园,1,22.88903,112.859289,佛山市高明区人民医院荷城分院对面,3810c8791819268b9d09f788
华山公园,1,22.88903,112.859289,佛山市高明区人民医院荷城分院对面,3810c8791819268b9d09f788
华山公园,1,22.88903,112.859289,佛山市高明区人民医院荷城分院对面,3810c8791819268b9d09f788
华山公园,1,22.88903,112.859289,佛山市高明区人民医院荷城分院对面,3810c8791819268b9d09f788
华山公园,1,22.88903,112.859289,佛山市高明区人民医院荷城分院对面,3810c8791819268b9d09f788
海滨公园,1,22.905799,112.902252,佛山市高明区沿江路,7a58b9bf504d86591df74d47
海滨公园,1,22.905799,112.902252,佛山市高明区沿江路,7a58b9bf504d86591df74d47
海滨公园,1,22.905799,112.902252,佛山市高明区沿江路,7a58b9bf504d86591df74d47
海滨公园,1,22.905799,112.902252,佛山市高明区沿江路,7a58b9bf504d86591df74d47
海滨公园,1,22.905799,112.902252,佛山市高明区沿江路,7a58b9bf504d86591df74d47
海滨公园,1,22.905799,112.902252,佛山市高明区沿江路,7a58b9bf504d86591df74d47
海滨公园,1,22.905799,112.902252,佛山市高明区沿江路,7a58b9bf504d86591df74d47
海滨公园,1,22.905799,112.902252,佛山市高明区沿江路,7a58b9bf504d86591df74d47
街心公园,1,22.908462,112.893746,佛山市高明区沧江路75号,05dd7d5fb267b97dad080f73
街心公园,1,22.908462,112.893746,佛山市高明区沧江路75号,05dd7d5fb267b97dad080f73
街心公园,1,22.908462,112.893746,佛山市高明区沧江路75号,05dd7d5fb267b97dad080f73
街心公园,1,22.908462,112.893746,佛山市高明区沧江路75号,05dd7d5fb267b97dad080f73
街心公园,1,22.908462,112.893746,佛山市高明区沧江路75号,05dd7d5fb267b97dad080f73
街心公园,1,22.908462,112.893746,佛山市高明区沧江路75号,05dd7d5fb267b97dad080f73
街心公园,1,22.908462,112.893746,佛山市高明区沧江路75号,05dd7d5fb267b97dad080f73
街心公园,1,22.908462,112.893746,佛山市高明区沧江路75号,05dd7d5fb267b97dad080f73
街心公园,1,22.908462,112.893746,佛山市高明区沧江路75号,05dd7d5fb267b97dad080f73
飞马公园,1,22.895081,112.87244,丰成街1号5座,16dc3264a621ea0af603b83e
飞马公园,1,22.895081,112.87244,丰成街1号5座,16dc3264a621ea0af603b83e
飞马公园,1,22.895081,112.87244,丰成街1号5座,16dc3264a621ea0af603b83e
飞马公园,1,22.895081,112.87244,丰成街1号5座,16dc3264a621ea0af603b83e
飞马公园,1,22.895081,112.87244,丰成街1号5座,16dc3264a621ea0af603b83e
飞马公园,1,22.895081,112.87244,丰成街1号5座,16dc3264a621ea0af603b83e
飞马公园,1,22.895081,112.87244,丰成街1号5座,16dc3264a621ea0af603b83e
飞马公园,1,22.895081,112.87244,丰成街1号5座,16dc3264a621ea0af603b83e
榴边村公园,1,22.979139,112.825942,榴边村道东200米,88b919736ce627e1354aae6b
榴边村公园,1,22.979139,112.825942,榴边村道东200米,88b919736ce627e1354aae6b
榴边村公园,1,22.979139,112.825942,榴边村道东200米,88b919736ce627e1354aae6b
榴边村公园,1,22.979139,112.825942,榴边村道东200米,88b919736ce627e1354aae6b
榴边村公园,1,22.979139,112.825942,榴边村道东200米,88b919736ce627e1354aae6b
榴边村公园,1,22.979139,112.825942,榴边村道东200米,88b919736ce627e1354aae6b
榴边村公园,1,22.979139,112.825942,榴边村道东200米,88b919736ce627e1354aae6b
榴边村公园,1,22.979139,112.825942,榴边村道东200米,88b919736ce627e1354aae6b
外经园,1,22.894122,112.890275,佛山市高明区光明小区37号202房,a2a0951b0018394ec9c3db28
外经园,1,22.894122,112.890275,佛山市高明区光明小区37号202房,a2a0951b0018394ec9c3db28
外经园,1,22.894122,112.890275,佛山市高明区光明小区37号202房,a2a0951b0018394ec9c3db28
外经园,1,22.894122,112.890275,佛山市高明区光明小区37号202房,a2a0951b0018394ec9c3db28
外经园,1,22.894122,112.890275,佛山市高明区光明小区37号202房,a2a0951b0018394ec9c3db28
外经园,1,22.894122,112.890275,佛山市高明区光明小区37号202房,a2a0951b0018394ec9c3db28
外经园,1,22.894122,112.890275,佛山市高明区光明小区37号202房,a2a0951b0018394ec9c3db28
外经园,1,22.894122,112.890275,佛山市高明区光明小区37号202房,a2a0951b0018394ec9c3db28
西樵山植物园,1,22.931699,112.985321,佛山市南海区西樵镇山南路西樵山风景名胜区内,8ae1aed0f237172fdbd8917b
西樵山植物园,1,22.931699,112.985321,佛山市南海区西樵镇山南路西樵山风景名胜区内,8ae1aed0f237172fdbd8917b
西樵山植物园,1,22.931699,112.985321,佛山市南海区西樵镇山南路西樵山风景名胜区内,8ae1aed0f237172fdbd8917b
西樵山植物园,1,22.931699,112.985321,佛山市南海区西樵镇山南路西樵山风景名胜区内,8ae1aed0f237172fdbd8917b
西樵山植物园,1,22.931699,112.985321,佛山市南海区西樵镇山南路西樵山风景名胜区内,8ae1aed0f237172fdbd8917b
西樵山植物园,1,22.931699,112.985321,佛山市南海区西樵镇山南路西樵山风景名胜区内,8ae1aed0f237172fdbd8917b
西樵山植物园,1,22.931699,112.985321,佛山市南海区西樵镇山南路西樵山风景名胜区内,8ae1aed0f237172fdbd8917b
西樵山植物园,1,22.931699,112.985321,佛山市南海区西樵镇山南路西樵山风景名胜区内,8ae1aed0f237172fdbd8917b
西樵山植物园,1,22.931699,112.985321,佛山市南海区西樵镇山南路西樵山风景名胜区内,8ae1aed0f237172fdbd8917b
桃花园品种区,1,22.92957,112.978194,佛山市南海区西樵镇山南路西樵山风景名胜区桃花园内,4a79748e1788c8b53686f440
桃花园品种区,1,22.92957,112.978194,佛山市南海区西樵镇山南路西樵山风景名胜区桃花园内,4a79748e1788c8b53686f440
桃花园品种区,1,22.92957,112.978194,佛山市南海区西樵镇山南路西樵山风景名胜区桃花园内,4a79748e1788c8b53686f440
桃花园品种区,1,22.92957,112.978194,佛山市南海区西樵镇山南路西樵山风景名胜区桃花园内,4a79748e1788c8b53686f440
桃花园品种区,1,22.92957,112.978194,佛山市南海区西樵镇山南路西樵山风景名胜区桃花园内,4a79748e1788c8b53686f440
桃花园品种区,1,22.92957,112.978194,佛山市南海区西樵镇山南路西樵山风景名胜区桃花园内,4a79748e1788c8b53686f440
桃花园品种区,1,22.92957,112.978194,佛山市南海区西樵镇山南路西樵山风景名胜区桃花园内,4a79748e1788c8b53686f440
桃花园品种区,1,22.92957,112.978194,佛山市南海区西樵镇山南路西樵山风景名胜区桃花园内,4a79748e1788c8b53686f440
桃花园品种区,1,22.92957,112.978194,佛山市南海区西樵镇山南路西樵山风景名胜区桃花园内,4a79748e1788c8b53686f440
太和公园,1,22.952187,112.992998,佛山市南海区海北东路183号1号,64046faec59dd7540b69d9b2
太和公园,1,22.952187,112.992998,佛山市南海区海北东路183号1号,64046faec59dd7540b69d9b2
太和公园,1,22.952187,112.992998,佛山市南海区海北东路183号1号,64046faec59dd7540b69d9b2
太和公园,1,22.952187,112.992998,佛山市南海区海北东路183号1号,64046faec59dd7540b69d9b2
太和公园,1,22.952187,112.992998,佛山市南海区海北东路183号1号,64046faec59dd7540b69d9b2
太和公园,1,22.952187,112.992998,佛山市南海区海北东路183号1号,64046faec59dd7540b69d9b2
太和公园,1,22.952187,112.992998,佛山市南海区海北东路183号1号,64046faec59dd7540b69d9b2
太和公园,1,22.952187,112.992998,佛山市南海区海北东路183号1号,64046faec59dd7540b69d9b2
太和公园,1,22.952187,112.992998,佛山市南海区海北东路183号1号,64046faec59dd7540b69d9b2
文明公园,1,22.948211,112.981971,佛山市南海区长堤路53号,4873725ada8f664208ccdd52
文明公园,1,22.948211,112.981971,佛山市南海区长堤路53号,4873725ada8f664208ccdd52
文明公园,1,22.948211,112.981971,佛山市南海区长堤路53号,4873725ada8f664208ccdd52
文明公园,1,22.948211,112.981971,佛山市南海区长堤路53号,4873725ada8f664208ccdd52
文明公园,1,22.948211,112.981971,佛山市南海区长堤路53号,4873725ada8f664208ccdd52
文明公园,1,22.948211,112.981971,佛山市南海区长堤路53号,4873725ada8f664208ccdd52
文明公园,1,22.948211,112.981971,佛山市南海区长堤路53号,4873725ada8f664208ccdd52
文明公园,1,22.948211,112.981971,佛山市南海区长堤路53号,4873725ada8f664208ccdd52
文明公园,1,22.948211,112.981971,佛山市南海区长堤路53号,4873725ada8f664208ccdd52
轮胎公园,1,22.944287,112.773425,荷城街道西安冼村盈香生态园内,2a31b0b67ecd9c3616a190bb
轮胎公园,1,22.944287,112.773425,荷城街道西安冼村盈香生态园内,2a31b0b67ecd9c3616a190bb
轮胎公园,1,22.944287,112.773425,荷城街道西安冼村盈香生态园内,2a31b0b67ecd9c3616a190bb
轮胎公园,1,22.944287,112.773425,荷城街道西安冼村盈香生态园内,2a31b0b67ecd9c3616a190bb
轮胎公园,1,22.944287,112.773425,荷城街道西安冼村盈香生态园内,2a31b0b67ecd9c3616a190bb
轮胎公园,1,22.944287,112.773425,荷城街道西安冼村盈香生态园内,2a31b0b67ecd9c3616a190bb
轮胎公园,1,22.944287,112.773425,荷城街道西安冼村盈香生态园内,2a31b0b67ecd9c3616a190bb
轮胎公园,1,22.944287,112.773425,荷城街道西安冼村盈香生态园内,2a31b0b67ecd9c3616a190bb
西江干堤公园,1,22.923891,112.884459,广东省佛山市高明区沿江路,e930936d1a421d48fda778e1
西江干堤公园,1,22.923891,112.884459,广东省佛山市高明区沿江路,e930936d1a421d48fda778e1
西江干堤公园,1,22.923891,112.884459,广东省佛山市高明区沿江路,e930936d1a421d48fda778e1
西江干堤公园,1,22.923891,112.884459,广东省佛山市高明区沿江路,e930936d1a421d48fda778e1
西江干堤公园,1,22.923891,112.884459,广东省佛山市高明区沿江路,e930936d1a421d48fda778e1
西江干堤公园,1,22.923891,112.884459,广东省佛山市高明区沿江路,e930936d1a421d48fda778e1
西江干堤公园,1,22.923891,112.884459,广东省佛山市高明区沿江路,e930936d1a421d48fda778e1
西江干堤公园,1,22.923891,112.884459,广东省佛山市高明区沿江路,e930936d1a421d48fda778e1
西樵天湖公园验票处,1,22.937497,112.972843,广东省佛山市南海区西樵镇山南路西樵山风景名胜区西樵天湖公园内,1d11421d910ceb9f8f1a89d2
西樵天湖公园验票处,1,22.937497,112.972843,广东省佛山市南海区西樵镇山南路西樵山风景名胜区西樵天湖公园内,1d11421d910ceb9f8f1a89d2
西樵天湖公园验票处,1,22.937497,112.972843,广东省佛山市南海区西樵镇山南路西樵山风景名胜区西樵天湖公园内,1d11421d910ceb9f8f1a89d2
西樵天湖公园验票处,1,22.937497,112.972843,广东省佛山市南海区西樵镇山南路西樵山风景名胜区西樵天湖公园内,1d11421d910ceb9f8f1a89d2
西樵天湖公园验票处,1,22.937497,112.972843,广东省佛山市南海区西樵镇山南路西樵山风景名胜区西樵天湖公园内,1d11421d910ceb9f8f1a89d2
西樵天湖公园验票处,1,22.937497,112.972843,广东省佛山市南海区西樵镇山南路西樵山风景名胜区西樵天湖公园内,1d11421d910ceb9f8f1a89d2
西樵天湖公园验票处,1,22.937497,112.972843,广东省佛山市南海区西樵镇山南路西樵山风景名胜区西樵天湖公园内,1d11421d910ceb9f8f1a89d2
西樵天湖公园验票处,1,22.937497,112.972843,广东省佛山市南海区西樵镇山南路西樵山风景名胜区西樵天湖公园内,1d11421d910ceb9f8f1a89d2
西樵天湖公园验票处,1,22.937497,112.972843,广东省佛山市南海区西樵镇山南路西樵山风景名胜区西樵天湖公园内,1d11421d910ceb9f8f1a89d2
碧玉洞公园-亭子,1,22.941313,112.990734,佛山市南海区西樵镇山南路西樵山风景名胜区碧玉洞公园内,d0edcd1022287a91aeb22a3d
碧玉洞公园-亭子,1,22.941313,112.990734,佛山市南海区西樵镇山南路西樵山风景名胜区碧玉洞公园内,d0edcd1022287a91aeb22a3d
碧玉洞公园-亭子,1,22.941313,112.990734,佛山市南海区西樵镇山南路西樵山风景名胜区碧玉洞公园内,d0edcd1022287a91aeb22a3d
碧玉洞公园-亭子,1,22.941313,112.990734,佛山市南海区西樵镇山南路西樵山风景名胜区碧玉洞公园内,d0edcd1022287a91aeb22a3d
碧玉洞公园-亭子,1,22.941313,112.990734,佛山市南海区西樵镇山南路西樵山风景名胜区碧玉洞公园内,d0edcd1022287a91aeb22a3d
碧玉洞公园-亭子,1,22.941313,112.990734,佛山市南海区西樵镇山南路西樵山风景名胜区碧玉洞公园内,d0edcd1022287a91aeb22a3d
碧玉洞公园-亭子,1,22.941313,112.990734,佛山市南海区西樵镇山南路西樵山风景名胜区碧玉洞公园内,d0edcd1022287a91aeb22a3d
碧玉洞公园-亭子,1,22.941313,112.990734,佛山市南海区西樵镇山南路西樵山风景名胜区碧玉洞公园内,d0edcd1022287a91aeb22a3d
碧玉洞公园-亭子,1,22.941313,112.990734,佛山市南海区西樵镇山南路西樵山风景名胜区碧玉洞公园内,d0edcd1022287a91aeb22a3d
河滨公园,1,22.952059,112.995583,佛山市南海区西樵汽车站附近,a90864264353c88efb2d6145
河滨公园,1,22.952059,112.995583,佛山市南海区西樵汽车站附近,a90864264353c88efb2d6145
河滨公园,1,22.952059,112.995583,佛山市南海区西樵汽车站附近,a90864264353c88efb2d6145
河滨公园,1,22.952059,112.995583,佛山市南海区西樵汽车站附近,a90864264353c88efb2d6145
河滨公园,1,22.952059,112.995583,佛山市南海区西樵汽车站附近,a90864264353c88efb2d6145
河滨公园,1,22.952059,112.995583,佛山市南海区西樵汽车站附近,a90864264353c88efb2d6145
河滨公园,1,22.952059,112.995583,佛山市南海区西樵汽车站附近,a90864264353c88efb2d6145
河滨公园,1,22.952059,112.995583,佛山市南海区西樵汽车站附近,a90864264353c88efb2d6145
河滨公园,1,22.952059,112.995583,佛山市南海区西樵汽车站附近,a90864264353c88efb2d6145
河滨公园,1,22.952059,112.995583,佛山市南海区西樵汽车站附近,a90864264353c88efb2d6145
老茶林,1,22.924597,112.980655,佛山市南海区西樵镇山南路西樵山风景名胜区茶花园内,a71101129fed7e827dc8763e
老茶林,1,22.924597,112.980655,佛山市南海区西樵镇山南路西樵山风景名胜区茶花园内,a71101129fed7e827dc8763e
老茶林,1,22.924597,112.980655,佛山市南海区西樵镇山南路西樵山风景名胜区茶花园内,a71101129fed7e827dc8763e
老茶林,1,22.924597,112.980655,佛山市南海区西樵镇山南路西樵山风景名胜区茶花园内,a71101129fed7e827dc8763e
老茶林,1,22.924597,112.980655,佛山市南海区西樵镇山南路西樵山风景名胜区茶花园内,a71101129fed7e827dc8763e
老茶林,1,22.924597,112.980655,佛山市南海区西樵镇山南路西樵山风景名胜区茶花园内,a71101129fed7e827dc8763e
老茶林,1,22.924597,112.980655,佛山市南海区西樵镇山南路西樵山风景名胜区茶花园内,a71101129fed7e827dc8763e
老茶林,1,22.924597,112.980655,佛山市南海区西樵镇山南路西樵山风景名胜区茶花园内,a71101129fed7e827dc8763e
老茶林,1,22.924597,112.980655,佛山市南海区西樵镇山南路西樵山风景名胜区茶花园内,a71101129fed7e827dc8763e
同德园,1,22.884017,112.903384,广东省佛山市高明区高明大道东同德园(佛山高明客运站南),f5866c6a355e830608f5ebc2
同德园,1,22.884017,112.903384,广东省佛山市高明区高明大道东同德园(佛山高明客运站南),f5866c6a355e830608f5ebc2
同德园,1,22.884017,112.903384,广东省佛山市高明区高明大道东同德园(佛山高明客运站南),f5866c6a355e830608f5ebc2
同德园,1,22.884017,112.903384,广东省佛山市高明区高明大道东同德园(佛山高明客运站南),f5866c6a355e830608f5ebc2
同德园,1,22.884017,112.903384,广东省佛山市高明区高明大道东同德园(佛山高明客运站南),f5866c6a355e830608f5ebc2
同德园,1,22.884017,112.903384,广东省佛山市高明区高明大道东同德园(佛山高明客运站南),f5866c6a355e830608f5ebc2
同德园,1,22.884017,112.903384,广东省佛山市高明区高明大道东同德园(佛山高明客运站南),f5866c6a355e830608f5ebc2
同德园,1,22.884017,112.903384,广东省佛山市高明区高明大道东同德园(佛山高明客运站南),f5866c6a355e830608f5ebc2
交通公园,1,22.896252,112.884347,清和街20号,75fb53da9ff1c352b13c81f1
交通公园,1,22.896252,112.884347,清和街20号,75fb53da9ff1c352b13c81f1
交通公园,1,22.896252,112.884347,清和街20号,75fb53da9ff1c352b13c81f1
交通公园,1,22.896252,112.884347,清和街20号,75fb53da9ff1c352b13c81f1
交通公园,1,22.896252,112.884347,清和街20号,75fb53da9ff1c352b13c81f1
交通公园,1,22.896252,112.884347,清和街20号,75fb53da9ff1c352b13c81f1
交通公园,1,22.896252,112.884347,清和街20号,75fb53da9ff1c352b13c81f1
交通公园,1,22.896252,112.884347,清和街20号,75fb53da9ff1c352b13c81f1
大旺公园,1,23.307923,112.821363,肇庆市四会市曙光街103号,dffd4642c283a1b23c9a5edb
大旺公园,1,23.307923,112.821363,肇庆市四会市曙光街103号,dffd4642c283a1b23c9a5edb
大旺公园,1,23.307923,112.821363,肇庆市四会市曙光街103号,dffd4642c283a1b23c9a5edb
大旺公园,1,23.307923,112.821363,肇庆市四会市曙光街103号,dffd4642c283a1b23c9a5edb
大旺公园,1,23.307923,112.821363,肇庆市四会市曙光街103号,dffd4642c283a1b23c9a5edb
大旺公园,1,23.307923,112.821363,肇庆市四会市曙光街103号,dffd4642c283a1b23c9a5edb
大旺公园,1,23.307923,112.821363,肇庆市四会市曙光街103号,dffd4642c283a1b23c9a5edb
大旺公园,1,23.307923,112.821363,肇庆市四会市曙光街103号,dffd4642c283a1b23c9a5edb
北岭山森林公园,1,23.123031,112.508121,在前村附近,19f7ea2b74c5a700c4f025ee
北岭山森林公园,1,23.123031,112.508121,在前村附近,19f7ea2b74c5a700c4f025ee
北岭山森林公园,1,23.123031,112.508121,在前村附近,19f7ea2b74c5a700c4f025ee
北岭山森林公园,1,23.123031,112.508121,在前村附近,19f7ea2b74c5a700c4f025ee
北岭山森林公园,1,23.123031,112.508121,在前村附近,19f7ea2b74c5a700c4f025ee
北岭山森林公园,1,23.123031,112.508121,在前村附近,19f7ea2b74c5a700c4f025ee
北岭山森林公园,1,23.123031,112.508121,在前村附近,19f7ea2b74c5a700c4f025ee
北岭山森林公园,1,23.123031,112.508121,在前村附近,19f7ea2b74c5a700c4f025ee
碧莲湖公园,1,23.170378,112.573209,广东省肇庆市鼎湖区民乐大道北碧莲湖公园南200米,31b8dc288abc47b641d63ed2
碧莲湖公园,1,23.170378,112.573209,广东省肇庆市鼎湖区民乐大道北碧莲湖公园南200米,31b8dc288abc47b641d63ed2
碧莲湖公园,1,23.170378,112.573209,广东省肇庆市鼎湖区民乐大道北碧莲湖公园南200米,31b8dc288abc47b641d63ed2
碧莲湖公园,1,23.170378,112.573209,广东省肇庆市鼎湖区民乐大道北碧莲湖公园南200米,31b8dc288abc47b641d63ed2
碧莲湖公园,1,23.170378,112.573209,广东省肇庆市鼎湖区民乐大道北碧莲湖公园南200米,31b8dc288abc47b641d63ed2
碧莲湖公园,1,23.170378,112.573209,广东省肇庆市鼎湖区民乐大道北碧莲湖公园南200米,31b8dc288abc47b641d63ed2
碧莲湖公园,1,23.170378,112.573209,广东省肇庆市鼎湖区民乐大道北碧莲湖公园南200米,31b8dc288abc47b641d63ed2
碧莲湖公园,1,23.170378,112.573209,广东省肇庆市鼎湖区民乐大道北碧莲湖公园南200米,31b8dc288abc47b641d63ed2
碧莲湖公园,1,23.170378,112.573209,广东省肇庆市鼎湖区民乐大道北碧莲湖公园南200米,31b8dc288abc47b641d63ed2
四会市马田公园,1,23.349065,112.715617,玉器街,4f1d546b3b19d2da2ce67b5b
四会市马田公园,1,23.349065,112.715617,玉器街,4f1d546b3b19d2da2ce67b5b
四会市马田公园,1,23.349065,112.715617,玉器街,4f1d546b3b19d2da2ce67b5b
四会市马田公园,1,23.349065,112.715617,玉器街,4f1d546b3b19d2da2ce67b5b
四会市马田公园,1,23.349065,112.715617,玉器街,4f1d546b3b19d2da2ce67b5b
四会市马田公园,1,23.349065,112.715617,玉器街,4f1d546b3b19d2da2ce67b5b
四会市马田公园,1,23.349065,112.715617,玉器街,4f1d546b3b19d2da2ce67b5b
四会市马田公园,1,23.349065,112.715617,玉器街,4f1d546b3b19d2da2ce67b5b
四会槎山公园,1,23.351686,112.700162,龙凤路5座,bcaebff852b47754c9e33cdb
四会槎山公园,1,23.351686,112.700162,龙凤路5座,bcaebff852b47754c9e33cdb
四会槎山公园,1,23.351686,112.700162,龙凤路5座,bcaebff852b47754c9e33cdb
四会槎山公园,1,23.351686,112.700162,龙凤路5座,bcaebff852b47754c9e33cdb
四会槎山公园,1,23.351686,112.700162,龙凤路5座,bcaebff852b47754c9e33cdb
四会槎山公园,1,23.351686,112.700162,龙凤路5座,bcaebff852b47754c9e33cdb
四会槎山公园,1,23.351686,112.700162,龙凤路5座,bcaebff852b47754c9e33cdb
四会槎山公园,1,23.351686,112.700162,龙凤路5座,bcaebff852b47754c9e33cdb
四会槎山公园,1,23.351686,112.700162,龙凤路5座,bcaebff852b47754c9e33cdb
中山公园,1,23.346162,112.698594,四会市朝阳街2号首层天堡机室一楼,264e85e8a981c1abc3364460
中山公园,1,23.346162,112.698594,四会市朝阳街2号首层天堡机室一楼,264e85e8a981c1abc3364460
中山公园,1,23.346162,112.698594,四会市朝阳街2号首层天堡机室一楼,264e85e8a981c1abc3364460
中山公园,1,23.346162,112.698594,四会市朝阳街2号首层天堡机室一楼,264e85e8a981c1abc3364460
中山公园,1,23.346162,112.698594,四会市朝阳街2号首层天堡机室一楼,264e85e8a981c1abc3364460
中山公园,1,23.346162,112.698594,四会市朝阳街2号首层天堡机室一楼,264e85e8a981c1abc3364460
中山公园,1,23.346162,112.698594,四会市朝阳街2号首层天堡机室一楼,264e85e8a981c1abc3364460
中山公园,1,23.346162,112.698594,四会市朝阳街2号首层天堡机室一楼,264e85e8a981c1abc3364460
中山公园,1,23.346162,112.698594,四会市朝阳街2号首层天堡机室一楼,264e85e8a981c1abc3364460
东湖公园,1,23.097595,112.506621,广东省肇庆市端州区臻汇园南90米(蓝塘北路南),528c6258b427f9de3310af3d
东湖公园,1,23.097595,112.506621,广东省肇庆市端州区臻汇园南90米(蓝塘北路南),528c6258b427f9de3310af3d
东湖公园,1,23.097595,112.506621,广东省肇庆市端州区臻汇园南90米(蓝塘北路南),528c6258b427f9de3310af3d
东湖公园,1,23.097595,112.506621,广东省肇庆市端州区臻汇园南90米(蓝塘北路南),528c6258b427f9de3310af3d
东湖公园,1,23.097595,112.506621,广东省肇庆市端州区臻汇园南90米(蓝塘北路南),528c6258b427f9de3310af3d
东湖公园,1,23.097595,112.506621,广东省肇庆市端州区臻汇园南90米(蓝塘北路南),528c6258b427f9de3310af3d
东湖公园,1,23.097595,112.506621,广东省肇庆市端州区臻汇园南90米(蓝塘北路南),528c6258b427f9de3310af3d
东湖公园,1,23.097595,112.506621,广东省肇庆市端州区臻汇园南90米(蓝塘北路南),528c6258b427f9de3310af3d
东湖公园,1,23.097595,112.506621,广东省肇庆市端州区臻汇园南90米(蓝塘北路南),528c6258b427f9de3310af3d
科技公园,1,23.288645,112.824692,建设路7号对面,42f1d59608844ab06c3e1bb3
科技公园,1,23.288645,112.824692,建设路7号对面,42f1d59608844ab06c3e1bb3
科技公园,1,23.288645,112.824692,建设路7号对面,42f1d59608844ab06c3e1bb3
科技公园,1,23.288645,112.824692,建设路7号对面,42f1d59608844ab06c3e1bb3
科技公园,1,23.288645,112.824692,建设路7号对面,42f1d59608844ab06c3e1bb3
科技公园,1,23.288645,112.824692,建设路7号对面,42f1d59608844ab06c3e1bb3
科技公园,1,23.288645,112.824692,建设路7号对面,42f1d59608844ab06c3e1bb3
科技公园,1,23.288645,112.824692,建设路7号对面,42f1d59608844ab06c3e1bb3
江滨堤园,1,23.347073,112.695422,汇源路5号,231169135251cbfe734b876c
江滨堤园,1,23.347073,112.695422,汇源路5号,231169135251cbfe734b876c
江滨堤园,1,23.347073,112.695422,汇源路5号,231169135251cbfe734b876c
江滨堤园,1,23.347073,112.695422,汇源路5号,231169135251cbfe734b876c
江滨堤园,1,23.347073,112.695422,汇源路5号,231169135251cbfe734b876c
江滨堤园,1,23.347073,112.695422,汇源路5号,231169135251cbfe734b876c
江滨堤园,1,23.347073,112.695422,汇源路5号,231169135251cbfe734b876c
江滨堤园,1,23.347073,112.695422,汇源路5号,231169135251cbfe734b876c
江滨堤园,1,23.347073,112.695422,汇源路5号,231169135251cbfe734b876c
三水区大南山森林公园,1,23.395901,112.811869,广东省佛山市三水区五零三县道大南山桥附近,e93761f6ebd4450c233bf282
三水区大南山森林公园,1,23.395901,112.811869,广东省佛山市三水区五零三县道大南山桥附近,e93761f6ebd4450c233bf282
三水区大南山森林公园,1,23.395901,112.811869,广东省佛山市三水区五零三县道大南山桥附近,e93761f6ebd4450c233bf282
三水区大南山森林公园,1,23.395901,112.811869,广东省佛山市三水区五零三县道大南山桥附近,e93761f6ebd4450c233bf282
三水区大南山森林公园,1,23.395901,112.811869,广东省佛山市三水区五零三县道大南山桥附近,e93761f6ebd4450c233bf282
三水区大南山森林公园,1,23.395901,112.811869,广东省佛山市三水区五零三县道大南山桥附近,e93761f6ebd4450c233bf282
三水区大南山森林公园,1,23.395901,112.811869,广东省佛山市三水区五零三县道大南山桥附近,e93761f6ebd4450c233bf282
三水区大南山森林公园,1,23.395901,112.811869,广东省佛山市三水区五零三县道大南山桥附近,e93761f6ebd4450c233bf282
河苑公园,1,23.061667,112.514957,河旁路与景福围附近,fd007c5edbdef06ca8f729cf
河苑公园,1,23.061667,112.514957,河旁路与景福围附近,fd007c5edbdef06ca8f729cf
河苑公园,1,23.061667,112.514957,河旁路与景福围附近,fd007c5edbdef06ca8f729cf
河苑公园,1,23.061667,112.514957,河旁路与景福围附近,fd007c5edbdef06ca8f729cf
河苑公园,1,23.061667,112.514957,河旁路与景福围附近,fd007c5edbdef06ca8f729cf
河苑公园,1,23.061667,112.514957,河旁路与景福围附近,fd007c5edbdef06ca8f729cf
河苑公园,1,23.061667,112.514957,河旁路与景福围附近,fd007c5edbdef06ca8f729cf
河苑公园,1,23.061667,112.514957,河旁路与景福围附近,fd007c5edbdef06ca8f729cf
河苑公园,1,23.061667,112.514957,河旁路与景福围附近,fd007c5edbdef06ca8f729cf
凤凰镇消防文化主题公园,1,23.207325,112.573138,凤府街13号附近,6610aa79a9d2fb231811d5f9
凤凰镇消防文化主题公园,1,23.207325,112.573138,凤府街13号附近,6610aa79a9d2fb231811d5f9
凤凰镇消防文化主题公园,1,23.207325,112.573138,凤府街13号附近,6610aa79a9d2fb231811d5f9
凤凰镇消防文化主题公园,1,23.207325,112.573138,凤府街13号附近,6610aa79a9d2fb231811d5f9
凤凰镇消防文化主题公园,1,23.207325,112.573138,凤府街13号附近,6610aa79a9d2fb231811d5f9
凤凰镇消防文化主题公园,1,23.207325,112.573138,凤府街13号附近,6610aa79a9d2fb231811d5f9
凤凰镇消防文化主题公园,1,23.207325,112.573138,凤府街13号附近,6610aa79a9d2fb231811d5f9
凤凰镇消防文化主题公园,1,23.207325,112.573138,凤府街13号附近,6610aa79a9d2fb231811d5f9
槎山公园动物园,1,23.353277,112.698741,体育路槎山公园附近,0d3543db674a7c6688fc0677
槎山公园动物园,1,23.353277,112.698741,体育路槎山公园附近,0d3543db674a7c6688fc0677
槎山公园动物园,1,23.353277,112.698741,体育路槎山公园附近,0d3543db674a7c6688fc0677
槎山公园动物园,1,23.353277,112.698741,体育路槎山公园附近,0d3543db674a7c6688fc0677
槎山公园动物园,1,23.353277,112.698741,体育路槎山公园附近,0d3543db674a7c6688fc0677
槎山公园动物园,1,23.353277,112.698741,体育路槎山公园附近,0d3543db674a7c6688fc0677
槎山公园动物园,1,23.353277,112.698741,体育路槎山公园附近,0d3543db674a7c6688fc0677
槎山公园动物园,1,23.353277,112.698741,体育路槎山公园附近,0d3543db674a7c6688fc0677
槎山公园动物园,1,23.353277,112.698741,体育路槎山公园附近,0d3543db674a7c6688fc0677
四会市法治文化公园,1,23.350637,112.701646,广东省肇庆市四会市龙凤路2座16,cff0217769a25df774e5b6b7
四会市法治文化公园,1,23.350637,112.701646,广东省肇庆市四会市龙凤路2座16,cff0217769a25df774e5b6b7
四会市法治文化公园,1,23.350637,112.701646,广东省肇庆市四会市龙凤路2座16,cff0217769a25df774e5b6b7
四会市法治文化公园,1,23.350637,112.701646,广东省肇庆市四会市龙凤路2座16,cff0217769a25df774e5b6b7
四会市法治文化公园,1,23.350637,112.701646,广东省肇庆市四会市龙凤路2座16,cff0217769a25df774e5b6b7
四会市法治文化公园,1,23.350637,112.701646,广东省肇庆市四会市龙凤路2座16,cff0217769a25df774e5b6b7
四会市法治文化公园,1,23.350637,112.701646,广东省肇庆市四会市龙凤路2座16,cff0217769a25df774e5b6b7
四会市法治文化公园,1,23.350637,112.701646,广东省肇庆市四会市龙凤路2座16,cff0217769a25df774e5b6b7
四会市法治文化公园,1,23.350637,112.701646,广东省肇庆市四会市龙凤路2座16,cff0217769a25df774e5b6b7
龙华苑,1,23.353356,112.691066,260省道附近,a619ddf2f05b563171455ba4
龙华苑,1,23.353356,112.691066,260省道附近,a619ddf2f05b563171455ba4
龙华苑,1,23.353356,112.691066,260省道附近,a619ddf2f05b563171455ba4
龙华苑,1,23.353356,112.691066,260省道附近,a619ddf2f05b563171455ba4
龙华苑,1,23.353356,112.691066,260省道附近,a619ddf2f05b563171455ba4
龙华苑,1,23.353356,112.691066,260省道附近,a619ddf2f05b563171455ba4
龙华苑,1,23.353356,112.691066,260省道附近,a619ddf2f05b563171455ba4
龙华苑,1,23.353356,112.691066,260省道附近,a619ddf2f05b563171455ba4
X456/公园路(路口),1,23.304628,112.819227,肇庆市四会市X456,d51146ecef9ab06eca09f0c6
X456/公园路(路口),1,23.304628,112.819227,肇庆市四会市X456,d51146ecef9ab06eca09f0c6
X456/公园路(路口),1,23.304628,112.819227,肇庆市四会市X456,d51146ecef9ab06eca09f0c6
X456/公园路(路口),1,23.304628,112.819227,肇庆市四会市X456,d51146ecef9ab06eca09f0c6
X456/公园路(路口),1,23.304628,112.819227,肇庆市四会市X456,d51146ecef9ab06eca09f0c6
X456/公园路(路口),1,23.304628,112.819227,肇庆市四会市X456,d51146ecef9ab06eca09f0c6
X456/公园路(路口),1,23.304628,112.819227,肇庆市四会市X456,d51146ecef9ab06eca09f0c6
X456/公园路(路口),1,23.304628,112.819227,肇庆市四会市X456,d51146ecef9ab06eca09f0c6
公园路与政德大街交叉口,1,23.304628,112.819227,肇庆市四会市公园路,62ae5a3d8812e5d31e3894b6
公园路与政德大街交叉口,1,23.304628,112.819227,肇庆市四会市公园路,62ae5a3d8812e5d31e3894b6
公园路与政德大街交叉口,1,23.304628,112.819227,肇庆市四会市公园路,62ae5a3d8812e5d31e3894b6
公园路与政德大街交叉口,1,23.304628,112.819227,肇庆市四会市公园路,62ae5a3d8812e5d31e3894b6
公园路与政德大街交叉口,1,23.304628,112.819227,肇庆市四会市公园路,62ae5a3d8812e5d31e3894b6
公园路与政德大街交叉口,1,23.304628,112.819227,肇庆市四会市公园路,62ae5a3d8812e5d31e3894b6
公园路与政德大街交叉口,1,23.304628,112.819227,肇庆市四会市公园路,62ae5a3d8812e5d31e3894b6
公园路与政德大街交叉口,1,23.304628,112.819227,肇庆市四会市公园路,62ae5a3d8812e5d31e3894b6
公园路/景升南街(路口),1,23.305967,112.819682,肇庆市四会市景升南街,e947ddac00fd8d501fe99902
公园路/景升南街(路口),1,23.305967,112.819682,肇庆市四会市景升南街,e947ddac00fd8d501fe99902
公园路/景升南街(路口),1,23.305967,112.819682,肇庆市四会市景升南街,e947ddac00fd8d501fe99902
公园路/景升南街(路口),1,23.305967,112.819682,肇庆市四会市景升南街,e947ddac00fd8d501fe99902
公园路/景升南街(路口),1,23.305967,112.819682,肇庆市四会市景升南街,e947ddac00fd8d501fe99902
公园路/景升南街(路口),1,23.305967,112.819682,肇庆市四会市景升南街,e947ddac00fd8d501fe99902
公园路/景升南街(路口),1,23.305967,112.819682,肇庆市四会市景升南街,e947ddac00fd8d501fe99902
公园路/景升南街(路口),1,23.305967,112.819682,肇庆市四会市景升南街,e947ddac00fd8d501fe99902
公园路/曙光街(路口),1,23.307022,112.820038,肇庆市四会市曙光街,64df5de33d18826b1776435e
公园路/曙光街(路口),1,23.307022,112.820038,肇庆市四会市曙光街,64df5de33d18826b1776435e
公园路/曙光街(路口),1,23.307022,112.820038,肇庆市四会市曙光街,64df5de33d18826b1776435e
公园路/曙光街(路口),1,23.307022,112.820038,肇庆市四会市曙光街,64df5de33d18826b1776435e
公园路/曙光街(路口),1,23.307022,112.820038,肇庆市四会市曙光街,64df5de33d18826b1776435e
公园路/曙光街(路口),1,23.307022,112.820038,肇庆市四会市曙光街,64df5de33d18826b1776435e
公园路/曙光街(路口),1,23.307022,112.820038,肇庆市四会市曙光街,64df5de33d18826b1776435e
公园路/曙光街(路口),1,23.307022,112.820038,肇庆市四会市曙光街,64df5de33d18826b1776435e
公园路/景平街(路口),1,23.306419,112.819836,肇庆市四会市公园路,4d12de409ce07372626858f9
公园路/景平街(路口),1,23.306419,112.819836,肇庆市四会市公园路,4d12de409ce07372626858f9
公园路/景平街(路口),1,23.306419,112.819836,肇庆市四会市公园路,4d12de409ce07372626858f9
公园路/景平街(路口),1,23.306419,112.819836,肇庆市四会市公园路,4d12de409ce07372626858f9
公园路/景平街(路口),1,23.306419,112.819836,肇庆市四会市公园路,4d12de409ce07372626858f9
公园路/景平街(路口),1,23.306419,112.819836,肇庆市四会市公园路,4d12de409ce07372626858f9
公园路/景平街(路口),1,23.306419,112.819836,肇庆市四会市公园路,4d12de409ce07372626858f9
公园路/景平街(路口),1,23.306419,112.819836,肇庆市四会市公园路,4d12de409ce07372626858f9
紫马岭公园,1,22.51416,113.417514,广东省中山市博爱六路,0ce65c2d25483f242d47334a
紫马岭公园,1,22.51416,113.417514,广东省中山市博爱六路,0ce65c2d25483f242d47334a
紫马岭公园,1,22.51416,113.417514,广东省中山市博爱六路,0ce65c2d25483f242d47334a
紫马岭公园,1,22.51416,113.417514,广东省中山市博爱六路,0ce65c2d25483f242d47334a
紫马岭公园,1,22.51416,113.417514,广东省中山市博爱六路,0ce65c2d25483f242d47334a
紫马岭公园,1,22.51416,113.417514,广东省中山市博爱六路,0ce65c2d25483f242d47334a
紫马岭公园,1,22.51416,113.417514,广东省中山市博爱六路,0ce65c2d25483f242d47334a
紫马岭公园,1,22.51416,113.417514,广东省中山市博爱六路,0ce65c2d25483f242d47334a
紫马岭公园,1,22.51416,113.417514,广东省中山市博爱六路,0ce65c2d25483f242d47334a
龙山公园,1,22.683082,113.257767,小榄镇荣华北路30号2楼,49d95938942e2f5ac61e5126
龙山公园,1,22.683082,113.257767,小榄镇荣华北路30号2楼,49d95938942e2f5ac61e5126
龙山公园,1,22.683082,113.257767,小榄镇荣华北路30号2楼,49d95938942e2f5ac61e5126
龙山公园,1,22.683082,113.257767,小榄镇荣华北路30号2楼,49d95938942e2f5ac61e5126
龙山公园,1,22.683082,113.257767,小榄镇荣华北路30号2楼,49d95938942e2f5ac61e5126
龙山公园,1,22.683082,113.257767,小榄镇荣华北路30号2楼,49d95938942e2f5ac61e5126
龙山公园,1,22.683082,113.257767,小榄镇荣华北路30号2楼,49d95938942e2f5ac61e5126
龙山公园,1,22.683082,113.257767,小榄镇荣华北路30号2楼,49d95938942e2f5ac61e5126
龙山公园,1,22.683082,113.257767,小榄镇荣华北路30号2楼,49d95938942e2f5ac61e5126
岐江公园,1,22.522912,113.370474,中山一路与西堤路交叉口,4edf9fbfba4a4595cc06a428
岐江公园,1,22.522912,113.370474,中山一路与西堤路交叉口,4edf9fbfba4a4595cc06a428
岐江公园,1,22.522912,113.370474,中山一路与西堤路交叉口,4edf9fbfba4a4595cc06a428
岐江公园,1,22.522912,113.370474,中山一路与西堤路交叉口,4edf9fbfba4a4595cc06a428
岐江公园,1,22.522912,113.370474,中山一路与西堤路交叉口,4edf9fbfba4a4595cc06a428
岐江公园,1,22.522912,113.370474,中山一路与西堤路交叉口,4edf9fbfba4a4595cc06a428
岐江公园,1,22.522912,113.370474,中山一路与西堤路交叉口,4edf9fbfba4a4595cc06a428
岐江公园,1,22.522912,113.370474,中山一路与西堤路交叉口,4edf9fbfba4a4595cc06a428
岐江公园,1,22.522912,113.370474,中山一路与西堤路交叉口,4edf9fbfba4a4595cc06a428
沙溪公园,1,22.517262,113.327766,中山市隆兴中路60号,5c2dc21d79407c796fc02c3a
沙溪公园,1,22.517262,113.327766,中山市隆兴中路60号,5c2dc21d79407c796fc02c3a
沙溪公园,1,22.517262,113.327766,中山市隆兴中路60号,5c2dc21d79407c796fc02c3a
沙溪公园,1,22.517262,113.327766,中山市隆兴中路60号,5c2dc21d79407c796fc02c3a
沙溪公园,1,22.517262,113.327766,中山市隆兴中路60号,5c2dc21d79407c796fc02c3a
沙溪公园,1,22.517262,113.327766,中山市隆兴中路60号,5c2dc21d79407c796fc02c3a
沙溪公园,1,22.517262,113.327766,中山市隆兴中路60号,5c2dc21d79407c796fc02c3a
沙溪公园,1,22.517262,113.327766,中山市隆兴中路60号,5c2dc21d79407c796fc02c3a
沙溪公园,1,22.517262,113.327766,中山市隆兴中路60号,5c2dc21d79407c796fc02c3a
沙溪公园,1,22.517262,113.327766,中山市隆兴中路60号,5c2dc21d79407c796fc02c3a
逸仙湖公园,1,22.534709,113.378685,广东省中山市湖滨路,e889a744a5d870b58705bf97
逸仙湖公园,1,22.534709,113.378685,广东省中山市湖滨路,e889a744a5d870b58705bf97
逸仙湖公园,1,22.534709,113.378685,广东省中山市湖滨路,e889a744a5d870b58705bf97
逸仙湖公园,1,22.534709,113.378685,广东省中山市湖滨路,e889a744a5d870b58705bf97
逸仙湖公园,1,22.534709,113.378685,广东省中山市湖滨路,e889a744a5d870b58705bf97
逸仙湖公园,1,22.534709,113.378685,广东省中山市湖滨路,e889a744a5d870b58705bf97
逸仙湖公园,1,22.534709,113.378685,广东省中山市湖滨路,e889a744a5d870b58705bf97
逸仙湖公园,1,22.534709,113.378685,广东省中山市湖滨路,e889a744a5d870b58705bf97
逸仙湖公园,1,22.534709,113.378685,广东省中山市湖滨路,e889a744a5d870b58705bf97
逸仙湖公园,1,22.534709,113.378685,广东省中山市湖滨路,e889a744a5d870b58705bf97
孙文纪念公园,1,22.503572,113.394804,广东省中山市区兴中道,0241354087a2fcb99d95deb4
孙文纪念公园,1,22.503572,113.394804,广东省中山市区兴中道,0241354087a2fcb99d95deb4
孙文纪念公园,1,22.503572,113.394804,广东省中山市区兴中道,0241354087a2fcb99d95deb4
孙文纪念公园,1,22.503572,113.394804,广东省中山市区兴中道,0241354087a2fcb99d95deb4
孙文纪念公园,1,22.503572,113.394804,广东省中山市区兴中道,0241354087a2fcb99d95deb4
孙文纪念公园,1,22.503572,113.394804,广东省中山市区兴中道,0241354087a2fcb99d95deb4
孙文纪念公园,1,22.503572,113.394804,广东省中山市区兴中道,0241354087a2fcb99d95deb4
孙文纪念公园,1,22.503572,113.394804,广东省中山市区兴中道,0241354087a2fcb99d95deb4
孙文纪念公园,1,22.503572,113.394804,广东省中山市区兴中道,0241354087a2fcb99d95deb4
古镇文化公园,1,22.621768,113.191087,广东省中山市东兴中路5号,9fbfeef2db3ce445ece4a58d
古镇文化公园,1,22.621768,113.191087,广东省中山市东兴中路5号,9fbfeef2db3ce445ece4a58d
古镇文化公园,1,22.621768,113.191087,广东省中山市东兴中路5号,9fbfeef2db3ce445ece4a58d
古镇文化公园,1,22.621768,113.191087,广东省中山市东兴中路5号,9fbfeef2db3ce445ece4a58d
古镇文化公园,1,22.621768,113.191087,广东省中山市东兴中路5号,9fbfeef2db3ce445ece4a58d
古镇文化公园,1,22.621768,113.191087,广东省中山市东兴中路5号,9fbfeef2db3ce445ece4a58d
古镇文化公园,1,22.621768,113.191087,广东省中山市东兴中路5号,9fbfeef2db3ce445ece4a58d
古镇文化公园,1,22.621768,113.191087,广东省中山市东兴中路5号,9fbfeef2db3ce445ece4a58d
古镇文化公园,1,22.621768,113.191087,广东省中山市东兴中路5号,9fbfeef2db3ce445ece4a58d
张家边公园,1,22.553177,113.466203,中山市继光路38号,6ee01020a8008bef53e5c591
张家边公园,1,22.553177,113.466203,中山市继光路38号,6ee01020a8008bef53e5c591
张家边公园,1,22.553177,113.466203,中山市继光路38号,6ee01020a8008bef53e5c591
张家边公园,1,22.553177,113.466203,中山市继光路38号,6ee01020a8008bef53e5c591
张家边公园,1,22.553177,113.466203,中山市继光路38号,6ee01020a8008bef53e5c591
张家边公园,1,22.553177,113.466203,中山市继光路38号,6ee01020a8008bef53e5c591
张家边公园,1,22.553177,113.466203,中山市继光路38号,6ee01020a8008bef53e5c591
张家边公园,1,22.553177,113.466203,中山市继光路38号,6ee01020a8008bef53e5c591
张家边公园,1,22.553177,113.466203,中山市继光路38号,6ee01020a8008bef53e5c591
得能湖公园,1,22.562555,113.487062,广东省中山市康乐大道20号,22e1140758fe36b4d4b74e90
得能湖公园,1,22.562555,113.487062,广东省中山市康乐大道20号,22e1140758fe36b4d4b74e90
得能湖公园,1,22.562555,113.487062,广东省中山市康乐大道20号,22e1140758fe36b4d4b74e90
得能湖公园,1,22.562555,113.487062,广东省中山市康乐大道20号,22e1140758fe36b4d4b74e90
得能湖公园,1,22.562555,113.487062,广东省中山市康乐大道20号,22e1140758fe36b4d4b74e90
得能湖公园,1,22.562555,113.487062,广东省中山市康乐大道20号,22e1140758fe36b4d4b74e90
得能湖公园,1,22.562555,113.487062,广东省中山市康乐大道20号,22e1140758fe36b4d4b74e90
得能湖公园,1,22.562555,113.487062,广东省中山市康乐大道20号,22e1140758fe36b4d4b74e90
得能湖公园,1,22.562555,113.487062,广东省中山市康乐大道20号,22e1140758fe36b4d4b74e90
中山公园,1,22.529558,113.376578,中山市公园大道9号402室,435d7aea64b93d355bbbbc97
中山公园,1,22.529558,113.376578,中山市公园大道9号402室,435d7aea64b93d355bbbbc97
中山公园,1,22.529558,113.376578,中山市公园大道9号402室,435d7aea64b93d355bbbbc97
中山公园,1,22.529558,113.376578,中山市公园大道9号402室,435d7aea64b93d355bbbbc97
中山公园,1,22.529558,113.376578,中山市公园大道9号402室,435d7aea64b93d355bbbbc97
中山公园,1,22.529558,113.376578,中山市公园大道9号402室,435d7aea64b93d355bbbbc97
中山公园,1,22.529558,113.376578,中山市公园大道9号402室,435d7aea64b93d355bbbbc97
中山公园,1,22.529558,113.376578,中山市公园大道9号402室,435d7aea64b93d355bbbbc97
中山公园,1,22.529558,113.376578,中山市公园大道9号402室,435d7aea64b93d355bbbbc97
广丰公园,1,22.623416,113.233142,中山市广中路10号,c7fb04bde2b7e815fb0cad8d
广丰公园,1,22.623416,113.233142,中山市广中路10号,c7fb04bde2b7e815fb0cad8d
广丰公园,1,22.623416,113.233142,中山市广中路10号,c7fb04bde2b7e815fb0cad8d
广丰公园,1,22.623416,113.233142,中山市广中路10号,c7fb04bde2b7e815fb0cad8d
广丰公园,1,22.623416,113.233142,中山市广中路10号,c7fb04bde2b7e815fb0cad8d
广丰公园,1,22.623416,113.233142,中山市广中路10号,c7fb04bde2b7e815fb0cad8d
广丰公园,1,22.623416,113.233142,中山市广中路10号,c7fb04bde2b7e815fb0cad8d
广丰公园,1,22.623416,113.233142,中山市广中路10号,c7fb04bde2b7e815fb0cad8d
广丰公园,1,22.623416,113.233142,中山市广中路10号,c7fb04bde2b7e815fb0cad8d
水上运动公园,1,22.714301,113.291371,广东省中山市沿江西路30号,e5f122a39acf254a16764320
水上运动公园,1,22.714301,113.291371,广东省中山市沿江西路30号,e5f122a39acf254a16764320
水上运动公园,1,22.714301,113.291371,广东省中山市沿江西路30号,e5f122a39acf254a16764320
水上运动公园,1,22.714301,113.291371,广东省中山市沿江西路30号,e5f122a39acf254a16764320
水上运动公园,1,22.714301,113.291371,广东省中山市沿江西路30号,e5f122a39acf254a16764320
水上运动公园,1,22.714301,113.291371,广东省中山市沿江西路30号,e5f122a39acf254a16764320
水上运动公园,1,22.714301,113.291371,广东省中山市沿江西路30号,e5f122a39acf254a16764320
水上运动公园,1,22.714301,113.291371,广东省中山市沿江西路30号,e5f122a39acf254a16764320
水上运动公园,1,22.714301,113.291371,广东省中山市沿江西路30号,e5f122a39acf254a16764320
凤山公园,1,22.682622,113.239911,广东省中山市小榄镇文化路86号,f9fd6062d9e89b1f0e0e6b8f
凤山公园,1,22.682622,113.239911,广东省中山市小榄镇文化路86号,f9fd6062d9e89b1f0e0e6b8f
凤山公园,1,22.682622,113.239911,广东省中山市小榄镇文化路86号,f9fd6062d9e89b1f0e0e6b8f
凤山公园,1,22.682622,113.239911,广东省中山市小榄镇文化路86号,f9fd6062d9e89b1f0e0e6b8f
凤山公园,1,22.682622,113.239911,广东省中山市小榄镇文化路86号,f9fd6062d9e89b1f0e0e6b8f
凤山公园,1,22.682622,113.239911,广东省中山市小榄镇文化路86号,f9fd6062d9e89b1f0e0e6b8f
凤山公园,1,22.682622,113.239911,广东省中山市小榄镇文化路86号,f9fd6062d9e89b1f0e0e6b8f
凤山公园,1,22.682622,113.239911,广东省中山市小榄镇文化路86号,f9fd6062d9e89b1f0e0e6b8f
凤山公园,1,22.682622,113.239911,广东省中山市小榄镇文化路86号,f9fd6062d9e89b1f0e0e6b8f
浮虚山公园,1,22.67745,113.362751,广东省中山市阜沙镇福永路附近,2848ffd6e5159b0f49cc4a8e
浮虚山公园,1,22.67745,113.362751,广东省中山市阜沙镇福永路附近,2848ffd6e5159b0f49cc4a8e
浮虚山公园,1,22.67745,113.362751,广东省中山市阜沙镇福永路附近,2848ffd6e5159b0f49cc4a8e
浮虚山公园,1,22.67745,113.362751,广东省中山市阜沙镇福永路附近,2848ffd6e5159b0f49cc4a8e
浮虚山公园,1,22.67745,113.362751,广东省中山市阜沙镇福永路附近,2848ffd6e5159b0f49cc4a8e
浮虚山公园,1,22.67745,113.362751,广东省中山市阜沙镇福永路附近,2848ffd6e5159b0f49cc4a8e
浮虚山公园,1,22.67745,113.362751,广东省中山市阜沙镇福永路附近,2848ffd6e5159b0f49cc4a8e
浮虚山公园,1,22.67745,113.362751,广东省中山市阜沙镇福永路附近,2848ffd6e5159b0f49cc4a8e
浮虚山公园,1,22.67745,113.362751,广东省中山市阜沙镇福永路附近,2848ffd6e5159b0f49cc4a8e
浮虚山公园,1,22.67745,113.362751,广东省中山市阜沙镇福永路附近,2848ffd6e5159b0f49cc4a8e
东升公园,1,22.626652,113.301056,中山市东华路32号,72e57fd71e47efd2f8dc854a
东升公园,1,22.626652,113.301056,中山市东华路32号,72e57fd71e47efd2f8dc854a
东升公园,1,22.626652,113.301056,中山市东华路32号,72e57fd71e47efd2f8dc854a
东升公园,1,22.626652,113.301056,中山市东华路32号,72e57fd71e47efd2f8dc854a
东升公园,1,22.626652,113.301056,中山市东华路32号,72e57fd71e47efd2f8dc854a
东升公园,1,22.626652,113.301056,中山市东华路32号,72e57fd71e47efd2f8dc854a
东升公园,1,22.626652,113.301056,中山市东华路32号,72e57fd71e47efd2f8dc854a
东升公园,1,22.626652,113.301056,中山市东华路32号,72e57fd71e47efd2f8dc854a
东升公园,1,22.626652,113.301056,中山市东华路32号,72e57fd71e47efd2f8dc854a
黄圃公园,1,22.724067,113.355345,金龙路18附近,dd78cc9aedce973e704b873d
黄圃公园,1,22.724067,113.355345,金龙路18附近,dd78cc9aedce973e704b873d
黄圃公园,1,22.724067,113.355345,金龙路18附近,dd78cc9aedce973e704b873d
黄圃公园,1,22.724067,113.355345,金龙路18附近,dd78cc9aedce973e704b873d
黄圃公园,1,22.724067,113.355345,金龙路18附近,dd78cc9aedce973e704b873d
黄圃公园,1,22.724067,113.355345,金龙路18附近,dd78cc9aedce973e704b873d
黄圃公园,1,22.724067,113.355345,金龙路18附近,dd78cc9aedce973e704b873d
黄圃公园,1,22.724067,113.355345,金龙路18附近,dd78cc9aedce973e704b873d
黄圃公园,1,22.724067,113.355345,金龙路18附近,dd78cc9aedce973e704b873d
孙中山纪念堂公园,1,22.528217,113.382307,孙文中路190号,f9fd6062d9ed9b1f0e0e6b90
孙中山纪念堂公园,1,22.528217,113.382307,孙文中路190号,f9fd6062d9ed9b1f0e0e6b90
孙中山纪念堂公园,1,22.528217,113.382307,孙文中路190号,f9fd6062d9ed9b1f0e0e6b90
孙中山纪念堂公园,1,22.528217,113.382307,孙文中路190号,f9fd6062d9ed9b1f0e0e6b90
孙中山纪念堂公园,1,22.528217,113.382307,孙文中路190号,f9fd6062d9ed9b1f0e0e6b90
孙中山纪念堂公园,1,22.528217,113.382307,孙文中路190号,f9fd6062d9ed9b1f0e0e6b90
孙中山纪念堂公园,1,22.528217,113.382307,孙文中路190号,f9fd6062d9ed9b1f0e0e6b90
孙中山纪念堂公园,1,22.528217,113.382307,孙文中路190号,f9fd6062d9ed9b1f0e0e6b90
孙中山纪念堂公园,1,22.528217,113.382307,孙文中路190号,f9fd6062d9ed9b1f0e0e6b90
孙中山纪念堂公园,1,22.528217,113.382307,孙文中路190号,f9fd6062d9ed9b1f0e0e6b90
三角公园,1,22.68477,113.427024,中山市福源北路22号,c37aa986f70b422e1fe999c6
三角公园,1,22.68477,113.427024,中山市福源北路22号,c37aa986f70b422e1fe999c6
三角公园,1,22.68477,113.427024,中山市福源北路22号,c37aa986f70b422e1fe999c6
三角公园,1,22.68477,113.427024,中山市福源北路22号,c37aa986f70b422e1fe999c6
三角公园,1,22.68477,113.427024,中山市福源北路22号,c37aa986f70b422e1fe999c6
三角公园,1,22.68477,113.427024,中山市福源北路22号,c37aa986f70b422e1fe999c6
三角公园,1,22.68477,113.427024,中山市福源北路22号,c37aa986f70b422e1fe999c6
三角公园,1,22.68477,113.427024,中山市福源北路22号,c37aa986f70b422e1fe999c6
三角公园,1,22.68477,113.427024,中山市福源北路22号,c37aa986f70b422e1fe999c6
港口湿地公园,1,22.583083,113.405877,广东省中山市华南师范大学中山附属中学港口湿地公园,9651bad84de023bebbdf8f12
港口湿地公园,1,22.583083,113.405877,广东省中山市华南师范大学中山附属中学港口湿地公园,9651bad84de023bebbdf8f12
港口湿地公园,1,22.583083,113.405877,广东省中山市华南师范大学中山附属中学港口湿地公园,9651bad84de023bebbdf8f12
港口湿地公园,1,22.583083,113.405877,广东省中山市华南师范大学中山附属中学港口湿地公园,9651bad84de023bebbdf8f12
港口湿地公园,1,22.583083,113.405877,广东省中山市华南师范大学中山附属中学港口湿地公园,9651bad84de023bebbdf8f12
港口湿地公园,1,22.583083,113.405877,广东省中山市华南师范大学中山附属中学港口湿地公园,9651bad84de023bebbdf8f12
港口湿地公园,1,22.583083,113.405877,广东省中山市华南师范大学中山附属中学港口湿地公园,9651bad84de023bebbdf8f12
港口湿地公园,1,22.583083,113.405877,广东省中山市华南师范大学中山附属中学港口湿地公园,9651bad84de023bebbdf8f12
港口湿地公园,1,22.583083,113.405877,广东省中山市华南师范大学中山附属中学港口湿地公园,9651bad84de023bebbdf8f12
南头公园,1,22.721939,113.2975,金湾广场对面南头公园,22e1140758f836b4d4b74e8e
南头公园,1,22.721939,113.2975,金湾广场对面南头公园,22e1140758f836b4d4b74e8e
南头公园,1,22.721939,113.2975,金湾广场对面南头公园,22e1140758f836b4d4b74e8e
南头公园,1,22.721939,113.2975,金湾广场对面南头公园,22e1140758f836b4d4b74e8e
南头公园,1,22.721939,113.2975,金湾广场对面南头公园,22e1140758f836b4d4b74e8e
南头公园,1,22.721939,113.2975,金湾广场对面南头公园,22e1140758f836b4d4b74e8e
南头公园,1,22.721939,113.2975,金湾广场对面南头公园,22e1140758f836b4d4b74e8e
南头公园,1,22.721939,113.2975,金湾广场对面南头公园,22e1140758f836b4d4b74e8e
南头公园,1,22.721939,113.2975,金湾广场对面南头公园,22e1140758f836b4d4b74e8e
江滨公园,1,22.685726,113.258662,中山市沙口东路30号,79cceb36816b24901e580053
江滨公园,1,22.685726,113.258662,中山市沙口东路30号,79cceb36816b24901e580053
江滨公园,1,22.685726,113.258662,中山市沙口东路30号,79cceb36816b24901e580053
江滨公园,1,22.685726,113.258662,中山市沙口东路30号,79cceb36816b24901e580053
江滨公园,1,22.685726,113.258662,中山市沙口东路30号,79cceb36816b24901e580053
江滨公园,1,22.685726,113.258662,中山市沙口东路30号,79cceb36816b24901e580053
江滨公园,1,22.685726,113.258662,中山市沙口东路30号,79cceb36816b24901e580053
江滨公园,1,22.685726,113.258662,中山市沙口东路30号,79cceb36816b24901e580053
江滨公园,1,22.685726,113.258662,中山市沙口东路30号,79cceb36816b24901e580053
旭日公园,1,22.6269,113.286092,东升镇丽城二路62号大洋汽车修理厂,5c56edd6d7f5d95aa0d2308c
旭日公园,1,22.6269,113.286092,东升镇丽城二路62号大洋汽车修理厂,5c56edd6d7f5d95aa0d2308c
旭日公园,1,22.6269,113.286092,东升镇丽城二路62号大洋汽车修理厂,5c56edd6d7f5d95aa0d2308c
旭日公园,1,22.6269,113.286092,东升镇丽城二路62号大洋汽车修理厂,5c56edd6d7f5d95aa0d2308c
旭日公园,1,22.6269,113.286092,东升镇丽城二路62号大洋汽车修理厂,5c56edd6d7f5d95aa0d2308c
旭日公园,1,22.6269,113.286092,东升镇丽城二路62号大洋汽车修理厂,5c56edd6d7f5d95aa0d2308c
旭日公园,1,22.6269,113.286092,东升镇丽城二路62号大洋汽车修理厂,5c56edd6d7f5d95aa0d2308c
旭日公园,1,22.6269,113.286092,东升镇丽城二路62号大洋汽车修理厂,5c56edd6d7f5d95aa0d2308c
旭日公园,1,22.6269,113.286092,东升镇丽城二路62号大洋汽车修理厂,5c56edd6d7f5d95aa0d2308c
四沙松龄公园,1,22.581277,113.244266,广东省中山市四沙松龄公园(珠三角环线高速公路南),4edf9fbfe1ff0094cd06a494
四沙松龄公园,1,22.581277,113.244266,广东省中山市四沙松龄公园(珠三角环线高速公路南),4edf9fbfe1ff0094cd06a494
四沙松龄公园,1,22.581277,113.244266,广东省中山市四沙松龄公园(珠三角环线高速公路南),4edf9fbfe1ff0094cd06a494
四沙松龄公园,1,22.581277,113.244266,广东省中山市四沙松龄公园(珠三角环线高速公路南),4edf9fbfe1ff0094cd06a494
四沙松龄公园,1,22.581277,113.244266,广东省中山市四沙松龄公园(珠三角环线高速公路南),4edf9fbfe1ff0094cd06a494
四沙松龄公园,1,22.581277,113.244266,广东省中山市四沙松龄公园(珠三角环线高速公路南),4edf9fbfe1ff0094cd06a494
四沙松龄公园,1,22.581277,113.244266,广东省中山市四沙松龄公园(珠三角环线高速公路南),4edf9fbfe1ff0094cd06a494
四沙松龄公园,1,22.581277,113.244266,广东省中山市四沙松龄公园(珠三角环线高速公路南),4edf9fbfe1ff0094cd06a494
四沙松龄公园,1,22.581277,113.244266,广东省中山市四沙松龄公园(珠三角环线高速公路南),4edf9fbfe1ff0094cd06a494
三角山公园,1,22.693445,113.432209,广东省中山市三角山公园(环山路南100米),7e1ac8e1af68b8d02efaa7d7
三角山公园,1,22.693445,113.432209,广东省中山市三角山公园(环山路南100米),7e1ac8e1af68b8d02efaa7d7
三角山公园,1,22.693445,113.432209,广东省中山市三角山公园(环山路南100米),7e1ac8e1af68b8d02efaa7d7
三角山公园,1,22.693445,113.432209,广东省中山市三角山公园(环山路南100米),7e1ac8e1af68b8d02efaa7d7
三角山公园,1,22.693445,113.432209,广东省中山市三角山公园(环山路南100米),7e1ac8e1af68b8d02efaa7d7
三角山公园,1,22.693445,113.432209,广东省中山市三角山公园(环山路南100米),7e1ac8e1af68b8d02efaa7d7
三角山公园,1,22.693445,113.432209,广东省中山市三角山公园(环山路南100米),7e1ac8e1af68b8d02efaa7d7
三角山公园,1,22.693445,113.432209,广东省中山市三角山公园(环山路南100米),7e1ac8e1af68b8d02efaa7d7
三角山公园,1,22.693445,113.432209,广东省中山市三角山公园(环山路南100米),7e1ac8e1af68b8d02efaa7d7
中一湿地公园,1,22.589064,113.397849,广东省中山市港口镇港口大道上乘世纪公园东北200米,30e3f46e7f031cd78c55ec41
中一湿地公园,1,22.589064,113.397849,广东省中山市港口镇港口大道上乘世纪公园东北200米,30e3f46e7f031cd78c55ec41
中一湿地公园,1,22.589064,113.397849,广东省中山市港口镇港口大道上乘世纪公园东北200米,30e3f46e7f031cd78c55ec41
中一湿地公园,1,22.589064,113.397849,广东省中山市港口镇港口大道上乘世纪公园东北200米,30e3f46e7f031cd78c55ec41
中一湿地公园,1,22.589064,113.397849,广东省中山市港口镇港口大道上乘世纪公园东北200米,30e3f46e7f031cd78c55ec41
中一湿地公园,1,22.589064,113.397849,广东省中山市港口镇港口大道上乘世纪公园东北200米,30e3f46e7f031cd78c55ec41
中一湿地公园,1,22.589064,113.397849,广东省中山市港口镇港口大道上乘世纪公园东北200米,30e3f46e7f031cd78c55ec41
中一湿地公园,1,22.589064,113.397849,广东省中山市港口镇港口大道上乘世纪公园东北200米,30e3f46e7f031cd78c55ec41
中一湿地公园,1,22.589064,113.397849,广东省中山市港口镇港口大道上乘世纪公园东北200米,30e3f46e7f031cd78c55ec41
名树园,1,22.509934,113.39806,广东省中山市兴中道30号兴中体育馆对面,9eada39eaa20df2bca09f035
名树园,1,22.509934,113.39806,广东省中山市兴中道30号兴中体育馆对面,9eada39eaa20df2bca09f035
名树园,1,22.509934,113.39806,广东省中山市兴中道30号兴中体育馆对面,9eada39eaa20df2bca09f035
名树园,1,22.509934,113.39806,广东省中山市兴中道30号兴中体育馆对面,9eada39eaa20df2bca09f035
名树园,1,22.509934,113.39806,广东省中山市兴中道30号兴中体育馆对面,9eada39eaa20df2bca09f035
名树园,1,22.509934,113.39806,广东省中山市兴中道30号兴中体育馆对面,9eada39eaa20df2bca09f035
名树园,1,22.509934,113.39806,广东省中山市兴中道30号兴中体育馆对面,9eada39eaa20df2bca09f035
名树园,1,22.509934,113.39806,广东省中山市兴中道30号兴中体育馆对面,9eada39eaa20df2bca09f035
名树园,1,22.509934,113.39806,广东省中山市兴中道30号兴中体育馆对面,9eada39eaa20df2bca09f035
东凤公园,1,22.692135,113.257182,中山市永乐路6号,eef2d5286daf96da3be4a64a
东凤公园,1,22.692135,113.257182,中山市永乐路6号,eef2d5286daf96da3be4a64a
东凤公园,1,22.692135,113.257182,中山市永乐路6号,eef2d5286daf96da3be4a64a
东凤公园,1,22.692135,113.257182,中山市永乐路6号,eef2d5286daf96da3be4a64a
东凤公园,1,22.692135,113.257182,中山市永乐路6号,eef2d5286daf96da3be4a64a
东凤公园,1,22.692135,113.257182,中山市永乐路6号,eef2d5286daf96da3be4a64a
东凤公园,1,22.692135,113.257182,中山市永乐路6号,eef2d5286daf96da3be4a64a
东凤公园,1,22.692135,113.257182,中山市永乐路6号,eef2d5286daf96da3be4a64a
东凤公园,1,22.692135,113.257182,中山市永乐路6号,eef2d5286daf96da3be4a64a
曹步公园,1,22.638885,113.219583,中山市东岸南路2号,cbd5a5b053d8c63628d7ab88
曹步公园,1,22.638885,113.219583,中山市东岸南路2号,cbd5a5b053d8c63628d7ab88
曹步公园,1,22.638885,113.219583,中山市东岸南路2号,cbd5a5b053d8c63628d7ab88
曹步公园,1,22.638885,113.219583,中山市东岸南路2号,cbd5a5b053d8c63628d7ab88
曹步公园,1,22.638885,113.219583,中山市东岸南路2号,cbd5a5b053d8c63628d7ab88
曹步公园,1,22.638885,113.219583,中山市东岸南路2号,cbd5a5b053d8c63628d7ab88
曹步公园,1,22.638885,113.219583,中山市东岸南路2号,cbd5a5b053d8c63628d7ab88
曹步公园,1,22.638885,113.219583,中山市东岸南路2号,cbd5a5b053d8c63628d7ab88
曹步公园,1,22.638885,113.219583,中山市东岸南路2号,cbd5a5b053d8c63628d7ab88
海洲公园,1,22.669877,113.177157,中山市西岸北路2号,00f1c7fb13a9211fc156ac8d
海洲公园,1,22.669877,113.177157,中山市西岸北路2号,00f1c7fb13a9211fc156ac8d
海洲公园,1,22.669877,113.177157,中山市西岸北路2号,00f1c7fb13a9211fc156ac8d
海洲公园,1,22.669877,113.177157,中山市西岸北路2号,00f1c7fb13a9211fc156ac8d
海洲公园,1,22.669877,113.177157,中山市西岸北路2号,00f1c7fb13a9211fc156ac8d
海洲公园,1,22.669877,113.177157,中山市西岸北路2号,00f1c7fb13a9211fc156ac8d
海洲公园,1,22.669877,113.177157,中山市西岸北路2号,00f1c7fb13a9211fc156ac8d
海洲公园,1,22.669877,113.177157,中山市西岸北路2号,00f1c7fb13a9211fc156ac8d
海洲公园,1,22.669877,113.177157,中山市西岸北路2号,00f1c7fb13a9211fc156ac8d
彩虹公园,1,22.560745,113.348911,广东省中山市西区街道兴达街中山市西区彩虹社区体育公园,f12e05f360eaf30233621221
彩虹公园,1,22.560745,113.348911,广东省中山市西区街道兴达街中山市西区彩虹社区体育公园,f12e05f360eaf30233621221
彩虹公园,1,22.560745,113.348911,广东省中山市西区街道兴达街中山市西区彩虹社区体育公园,f12e05f360eaf30233621221
彩虹公园,1,22.560745,113.348911,广东省中山市西区街道兴达街中山市西区彩虹社区体育公园,f12e05f360eaf30233621221
彩虹公园,1,22.560745,113.348911,广东省中山市西区街道兴达街中山市西区彩虹社区体育公园,f12e05f360eaf30233621221
彩虹公园,1,22.560745,113.348911,广东省中山市西区街道兴达街中山市西区彩虹社区体育公园,f12e05f360eaf30233621221
彩虹公园,1,22.560745,113.348911,广东省中山市西区街道兴达街中山市西区彩虹社区体育公园,f12e05f360eaf30233621221
彩虹公园,1,22.560745,113.348911,广东省中山市西区街道兴达街中山市西区彩虹社区体育公园,f12e05f360eaf30233621221
彩虹公园,1,22.560745,113.348911,广东省中山市西区街道兴达街中山市西区彩虹社区体育公园,f12e05f360eaf30233621221
三村公园,1,22.687215,113.209509,中山市同丰路与同丰路东一巷交汇处,a2e5e7e03bb0e249f60e7791
三村公园,1,22.687215,113.209509,中山市同丰路与同丰路东一巷交汇处,a2e5e7e03bb0e249f60e7791
三村公园,1,22.687215,113.209509,中山市同丰路与同丰路东一巷交汇处,a2e5e7e03bb0e249f60e7791
三村公园,1,22.687215,113.209509,中山市同丰路与同丰路东一巷交汇处,a2e5e7e03bb0e249f60e7791
三村公园,1,22.687215,113.209509,中山市同丰路与同丰路东一巷交汇处,a2e5e7e03bb0e249f60e7791
三村公园,1,22.687215,113.209509,中山市同丰路与同丰路东一巷交汇处,a2e5e7e03bb0e249f60e7791
三村公园,1,22.687215,113.209509,中山市同丰路与同丰路东一巷交汇处,a2e5e7e03bb0e249f60e7791
三村公园,1,22.687215,113.209509,中山市同丰路与同丰路东一巷交汇处,a2e5e7e03bb0e249f60e7791
三村公园,1,22.687215,113.209509,中山市同丰路与同丰路东一巷交汇处,a2e5e7e03bb0e249f60e7791
狮山公园,1,22.532701,113.35973,广东省中山市环山路与居安街交叉口附近,a74481d68607ae46f403b897
狮山公园,1,22.532701,113.35973,广东省中山市环山路与居安街交叉口附近,a74481d68607ae46f403b897
狮山公园,1,22.532701,113.35973,广东省中山市环山路与居安街交叉口附近,a74481d68607ae46f403b897
狮山公园,1,22.532701,113.35973,广东省中山市环山路与居安街交叉口附近,a74481d68607ae46f403b897
狮山公园,1,22.532701,113.35973,广东省中山市环山路与居安街交叉口附近,a74481d68607ae46f403b897
狮山公园,1,22.532701,113.35973,广东省中山市环山路与居安街交叉口附近,a74481d68607ae46f403b897
狮山公园,1,22.532701,113.35973,广东省中山市环山路与居安街交叉口附近,a74481d68607ae46f403b897
狮山公园,1,22.532701,113.35973,广东省中山市环山路与居安街交叉口附近,a74481d68607ae46f403b897
狮山公园,1,22.532701,113.35973,广东省中山市环山路与居安街交叉口附近,a74481d68607ae46f403b897
酷酷乐奇果丛林,1,22.657998,113.496378,广东省中山市民众镇新平村平三6队路旁(番中路三宝沥大桥往广州方向300米),cc62beb520bbb2ecf503b80f
酷酷乐奇果丛林,1,22.657998,113.496378,广东省中山市民众镇新平村平三6队路旁(番中路三宝沥大桥往广州方向300米),cc62beb520bbb2ecf503b80f
酷酷乐奇果丛林,1,22.657998,113.496378,广东省中山市民众镇新平村平三6队路旁(番中路三宝沥大桥往广州方向300米),cc62beb520bbb2ecf503b80f
酷酷乐奇果丛林,1,22.657998,113.496378,广东省中山市民众镇新平村平三6队路旁(番中路三宝沥大桥往广州方向300米),cc62beb520bbb2ecf503b80f
酷酷乐奇果丛林,1,22.657998,113.496378,广东省中山市民众镇新平村平三6队路旁(番中路三宝沥大桥往广州方向300米),cc62beb520bbb2ecf503b80f
酷酷乐奇果丛林,1,22.657998,113.496378,广东省中山市民众镇新平村平三6队路旁(番中路三宝沥大桥往广州方向300米),cc62beb520bbb2ecf503b80f
酷酷乐奇果丛林,1,22.657998,113.496378,广东省中山市民众镇新平村平三6队路旁(番中路三宝沥大桥往广州方向300米),cc62beb520bbb2ecf503b80f
酷酷乐奇果丛林,1,22.657998,113.496378,广东省中山市民众镇新平村平三6队路旁(番中路三宝沥大桥往广州方向300米),cc62beb520bbb2ecf503b80f
酷酷乐奇果丛林,1,22.657998,113.496378,广东省中山市民众镇新平村平三6队路旁(番中路三宝沥大桥往广州方向300米),cc62beb520bbb2ecf503b80f
酷酷乐奇果丛林,1,22.657998,113.496378,广东省中山市民众镇新平村平三6队路旁(番中路三宝沥大桥往广州方向300米),cc62beb520bbb2ecf503b80f
永宁社区螺沙体育健身休闲公园,1,22.667322,113.217646,中山市祥福西路与祥仁街交汇处,084087357689d8b5d72ce2d7
永宁社区螺沙体育健身休闲公园,1,22.667322,113.217646,中山市祥福西路与祥仁街交汇处,084087357689d8b5d72ce2d7
永宁社区螺沙体育健身休闲公园,1,22.667322,113.217646,中山市祥福西路与祥仁街交汇处,084087357689d8b5d72ce2d7
永宁社区螺沙体育健身休闲公园,1,22.667322,113.217646,中山市祥福西路与祥仁街交汇处,084087357689d8b5d72ce2d7
永宁社区螺沙体育健身休闲公园,1,22.667322,113.217646,中山市祥福西路与祥仁街交汇处,084087357689d8b5d72ce2d7
永宁社区螺沙体育健身休闲公园,1,22.667322,113.217646,中山市祥福西路与祥仁街交汇处,084087357689d8b5d72ce2d7
永宁社区螺沙体育健身休闲公园,1,22.667322,113.217646,中山市祥福西路与祥仁街交汇处,084087357689d8b5d72ce2d7
永宁社区螺沙体育健身休闲公园,1,22.667322,113.217646,中山市祥福西路与祥仁街交汇处,084087357689d8b5d72ce2d7
永宁社区螺沙体育健身休闲公园,1,22.667322,113.217646,中山市祥福西路与祥仁街交汇处,084087357689d8b5d72ce2d7
泗门公园,1,22.555583,113.441848,中山市下街1号,b1c556e8eb03e771b4265526
泗门公园,1,22.555583,113.441848,中山市下街1号,b1c556e8eb03e771b4265526
泗门公园,1,22.555583,113.441848,中山市下街1号,b1c556e8eb03e771b4265526
泗门公园,1,22.555583,113.441848,中山市下街1号,b1c556e8eb03e771b4265526
泗门公园,1,22.555583,113.441848,中山市下街1号,b1c556e8eb03e771b4265526
泗门公园,1,22.555583,113.441848,中山市下街1号,b1c556e8eb03e771b4265526
泗门公园,1,22.555583,113.441848,中山市下街1号,b1c556e8eb03e771b4265526
泗门公园,1,22.555583,113.441848,中山市下街1号,b1c556e8eb03e771b4265526
泗门公园,1,22.555583,113.441848,中山市下街1号,b1c556e8eb03e771b4265526
石岐文化公园,1,22.5425,113.395461,康华路46号,14076deed718fdf403294f90
石岐文化公园,1,22.5425,113.395461,康华路46号,14076deed718fdf403294f90
石岐文化公园,1,22.5425,113.395461,康华路46号,14076deed718fdf403294f90
石岐文化公园,1,22.5425,113.395461,康华路46号,14076deed718fdf403294f90
石岐文化公园,1,22.5425,113.395461,康华路46号,14076deed718fdf403294f90
石岐文化公园,1,22.5425,113.395461,康华路46号,14076deed718fdf403294f90
石岐文化公园,1,22.5425,113.395461,康华路46号,14076deed718fdf403294f90
石岐文化公园,1,22.5425,113.395461,康华路46号,14076deed718fdf403294f90
石岐文化公园,1,22.5425,113.395461,康华路46号,14076deed718fdf403294f90
民安体育公园,1,22.741177,113.319448,广东省中山市南头镇容边社区低沙东路龙母庙附近,8b01caf5dd2b90f99868b4b9
民安体育公园,1,22.741177,113.319448,广东省中山市南头镇容边社区低沙东路龙母庙附近,8b01caf5dd2b90f99868b4b9
民安体育公园,1,22.741177,113.319448,广东省中山市南头镇容边社区低沙东路龙母庙附近,8b01caf5dd2b90f99868b4b9
民安体育公园,1,22.741177,113.319448,广东省中山市南头镇容边社区低沙东路龙母庙附近,8b01caf5dd2b90f99868b4b9
民安体育公园,1,22.741177,113.319448,广东省中山市南头镇容边社区低沙东路龙母庙附近,8b01caf5dd2b90f99868b4b9
民安体育公园,1,22.741177,113.319448,广东省中山市南头镇容边社区低沙东路龙母庙附近,8b01caf5dd2b90f99868b4b9
民安体育公园,1,22.741177,113.319448,广东省中山市南头镇容边社区低沙东路龙母庙附近,8b01caf5dd2b90f99868b4b9
民安体育公园,1,22.741177,113.319448,广东省中山市南头镇容边社区低沙东路龙母庙附近,8b01caf5dd2b90f99868b4b9
民安体育公园,1,22.741177,113.319448,广东省中山市南头镇容边社区低沙东路龙母庙附近,8b01caf5dd2b90f99868b4b9
兴中园,1,22.523525,113.396068,广东省中山市柏苑路197号,5c2dc21d5fb056796fc02c4a
兴中园,1,22.523525,113.396068,广东省中山市柏苑路197号,5c2dc21d5fb056796fc02c4a
兴中园,1,22.523525,113.396068,广东省中山市柏苑路197号,5c2dc21d5fb056796fc02c4a
兴中园,1,22.523525,113.396068,广东省中山市柏苑路197号,5c2dc21d5fb056796fc02c4a
兴中园,1,22.523525,113.396068,广东省中山市柏苑路197号,5c2dc21d5fb056796fc02c4a
兴中园,1,22.523525,113.396068,广东省中山市柏苑路197号,5c2dc21d5fb056796fc02c4a
兴中园,1,22.523525,113.396068,广东省中山市柏苑路197号,5c2dc21d5fb056796fc02c4a
兴中园,1,22.523525,113.396068,广东省中山市柏苑路197号,5c2dc21d5fb056796fc02c4a
兴中园,1,22.523525,113.396068,广东省中山市柏苑路197号,5c2dc21d5fb056796fc02c4a
凤凰公园,1,22.693422,113.256659,中山市金怡南路4号,ffd6d4037ea5608f16b54b8e
凤凰公园,1,22.693422,113.256659,中山市金怡南路4号,ffd6d4037ea5608f16b54b8e
凤凰公园,1,22.693422,113.256659,中山市金怡南路4号,ffd6d4037ea5608f16b54b8e
凤凰公园,1,22.693422,113.256659,中山市金怡南路4号,ffd6d4037ea5608f16b54b8e
凤凰公园,1,22.693422,113.256659,中山市金怡南路4号,ffd6d4037ea5608f16b54b8e
凤凰公园,1,22.693422,113.256659,中山市金怡南路4号,ffd6d4037ea5608f16b54b8e
凤凰公园,1,22.693422,113.256659,中山市金怡南路4号,ffd6d4037ea5608f16b54b8e
凤凰公园,1,22.693422,113.256659,中山市金怡南路4号,ffd6d4037ea5608f16b54b8e
凤凰公园,1,22.693422,113.256659,中山市金怡南路4号,ffd6d4037ea5608f16b54b8e
三仙娘山,1,22.536543,113.415561,广东省中山市东区街道青松街东尚新地南300米,6ae527a99fbed3f0eb56fa55
三仙娘山,1,22.536543,113.415561,广东省中山市东区街道青松街东尚新地南300米,6ae527a99fbed3f0eb56fa55
三仙娘山,1,22.536543,113.415561,广东省中山市东区街道青松街东尚新地南300米,6ae527a99fbed3f0eb56fa55
三仙娘山,1,22.536543,113.415561,广东省中山市东区街道青松街东尚新地南300米,6ae527a99fbed3f0eb56fa55
三仙娘山,1,22.536543,113.415561,广东省中山市东区街道青松街东尚新地南300米,6ae527a99fbed3f0eb56fa55
三仙娘山,1,22.536543,113.415561,广东省中山市东区街道青松街东尚新地南300米,6ae527a99fbed3f0eb56fa55
三仙娘山,1,22.536543,113.415561,广东省中山市东区街道青松街东尚新地南300米,6ae527a99fbed3f0eb56fa55
三仙娘山,1,22.536543,113.415561,广东省中山市东区街道青松街东尚新地南300米,6ae527a99fbed3f0eb56fa55
三仙娘山,1,22.536543,113.415561,广东省中山市东区街道青松街东尚新地南300米,6ae527a99fbed3f0eb56fa55
沙面公园,1,23.111705,113.251263,沙面南街3号,15a938102afc2abd14c8f61f
沙面公园,1,23.111705,113.251263,沙面南街3号,15a938102afc2abd14c8f61f
沙面公园,1,23.111705,113.251263,沙面南街3号,15a938102afc2abd14c8f61f
沙面公园,1,23.111705,113.251263,沙面南街3号,15a938102afc2abd14c8f61f
沙面公园,1,23.111705,113.251263,沙面南街3号,15a938102afc2abd14c8f61f
沙面公园,1,23.111705,113.251263,沙面南街3号,15a938102afc2abd14c8f61f
沙面公园,1,23.111705,113.251263,沙面南街3号,15a938102afc2abd14c8f61f
沙面公园,1,23.111705,113.251263,沙面南街3号,15a938102afc2abd14c8f61f
沙面公园,1,23.111705,113.251263,沙面南街3号,15a938102afc2abd14c8f61f
沙面公园,1,23.111705,113.251263,沙面南街3号,15a938102afc2abd14c8f61f
天河公园,1,23.134126,113.372722,广州市天河区黄埔大道员村23号,f4221f2d4db43d6215c90569
天河公园,1,23.134126,113.372722,广州市天河区黄埔大道员村23号,f4221f2d4db43d6215c90569
天河公园,1,23.134126,113.372722,广州市天河区黄埔大道员村23号,f4221f2d4db43d6215c90569
天河公园,1,23.134126,113.372722,广州市天河区黄埔大道员村23号,f4221f2d4db43d6215c90569
天河公园,1,23.134126,113.372722,广州市天河区黄埔大道员村23号,f4221f2d4db43d6215c90569
天河公园,1,23.134126,113.372722,广州市天河区黄埔大道员村23号,f4221f2d4db43d6215c90569
天河公园,1,23.134126,113.372722,广州市天河区黄埔大道员村23号,f4221f2d4db43d6215c90569
天河公园,1,23.134126,113.372722,广州市天河区黄埔大道员村23号,f4221f2d4db43d6215c90569
天河公园,1,23.134126,113.372722,广州市天河区黄埔大道员村23号,f4221f2d4db43d6215c90569
天河公园,1,23.134126,113.372722,广州市天河区黄埔大道员村23号,f4221f2d4db43d6215c90569
海珠湿地公园,1,23.072371,113.343078,广东省广州市海珠区新滘中路168号,e619329e642be04cb6147ffb
海珠湿地公园,1,23.072371,113.343078,广东省广州市海珠区新滘中路168号,e619329e642be04cb6147ffb
海珠湿地公园,1,23.072371,113.343078,广东省广州市海珠区新滘中路168号,e619329e642be04cb6147ffb
海珠湿地公园,1,23.072371,113.343078,广东省广州市海珠区新滘中路168号,e619329e642be04cb6147ffb
海珠湿地公园,1,23.072371,113.343078,广东省广州市海珠区新滘中路168号,e619329e642be04cb6147ffb
海珠湿地公园,1,23.072371,113.343078,广东省广州市海珠区新滘中路168号,e619329e642be04cb6147ffb
海珠湿地公园,1,23.072371,113.343078,广东省广州市海珠区新滘中路168号,e619329e642be04cb6147ffb
海珠湿地公园,1,23.072371,113.343078,广东省广州市海珠区新滘中路168号,e619329e642be04cb6147ffb
海珠湿地公园,1,23.072371,113.343078,广东省广州市海珠区新滘中路168号,e619329e642be04cb6147ffb
火炉山森林公园,1,23.18634,113.3983,广东省广州市天河区岑村,819281343a39e2a6c9e33cc6
火炉山森林公园,1,23.18634,113.3983,广东省广州市天河区岑村,819281343a39e2a6c9e33cc6
火炉山森林公园,1,23.18634,113.3983,广东省广州市天河区岑村,819281343a39e2a6c9e33cc6
火炉山森林公园,1,23.18634,113.3983,广东省广州市天河区岑村,819281343a39e2a6c9e33cc6
火炉山森林公园,1,23.18634,113.3983,广东省广州市天河区岑村,819281343a39e2a6c9e33cc6
火炉山森林公园,1,23.18634,113.3983,广东省广州市天河区岑村,819281343a39e2a6c9e33cc6
火炉山森林公园,1,23.18634,113.3983,广东省广州市天河区岑村,819281343a39e2a6c9e33cc6
火炉山森林公园,1,23.18634,113.3983,广东省广州市天河区岑村,819281343a39e2a6c9e33cc6
火炉山森林公园,1,23.18634,113.3983,广东省广州市天河区岑村,819281343a39e2a6c9e33cc6
帽峰山森林公园,1,23.304037,113.467422,白云区太和镇与良田镇交界处,31f9101bd65a03b927e0a0a0
帽峰山森林公园,1,23.304037,113.467422,白云区太和镇与良田镇交界处,31f9101bd65a03b927e0a0a0
帽峰山森林公园,1,23.304037,113.467422,白云区太和镇与良田镇交界处,31f9101bd65a03b927e0a0a0
帽峰山森林公园,1,23.304037,113.467422,白云区太和镇与良田镇交界处,31f9101bd65a03b927e0a0a0
帽峰山森林公园,1,23.304037,113.467422,白云区太和镇与良田镇交界处,31f9101bd65a03b927e0a0a0
帽峰山森林公园,1,23.304037,113.467422,白云区太和镇与良田镇交界处,31f9101bd65a03b927e0a0a0
帽峰山森林公园,1,23.304037,113.467422,白云区太和镇与良田镇交界处,31f9101bd65a03b927e0a0a0
帽峰山森林公园,1,23.304037,113.467422,白云区太和镇与良田镇交界处,31f9101bd65a03b927e0a0a0
帽峰山森林公园,1,23.304037,113.467422,白云区太和镇与良田镇交界处,31f9101bd65a03b927e0a0a0
流花湖公园,1,23.142625,113.257432,东风西路163号,3a8596b06722609614b54b63
流花湖公园,1,23.142625,113.257432,东风西路163号,3a8596b06722609614b54b63
流花湖公园,1,23.142625,113.257432,东风西路163号,3a8596b06722609614b54b63
流花湖公园,1,23.142625,113.257432,东风西路163号,3a8596b06722609614b54b63
流花湖公园,1,23.142625,113.257432,东风西路163号,3a8596b06722609614b54b63
流花湖公园,1,23.142625,113.257432,东风西路163号,3a8596b06722609614b54b63
流花湖公园,1,23.142625,113.257432,东风西路163号,3a8596b06722609614b54b63
流花湖公园,1,23.142625,113.257432,东风西路163号,3a8596b06722609614b54b63
流花湖公园,1,23.142625,113.257432,东风西路163号,3a8596b06722609614b54b63
流花湖公园,1,23.142625,113.257432,东风西路163号,3a8596b06722609614b54b63
花都湖公园,1,23.38784,113.237634,广州市花都区新华路102号,32785666f825a5e6f90cad69
花都湖公园,1,23.38784,113.237634,广州市花都区新华路102号,32785666f825a5e6f90cad69
花都湖公园,1,23.38784,113.237634,广州市花都区新华路102号,32785666f825a5e6f90cad69
花都湖公园,1,23.38784,113.237634,广州市花都区新华路102号,32785666f825a5e6f90cad69
花都湖公园,1,23.38784,113.237634,广州市花都区新华路102号,32785666f825a5e6f90cad69
花都湖公园,1,23.38784,113.237634,广州市花都区新华路102号,32785666f825a5e6f90cad69
花都湖公园,1,23.38784,113.237634,广州市花都区新华路102号,32785666f825a5e6f90cad69
花都湖公园,1,23.38784,113.237634,广州市花都区新华路102号,32785666f825a5e6f90cad69
花都湖公园,1,23.38784,113.237634,广州市花都区新华路102号,32785666f825a5e6f90cad69
云溪生态公园,1,23.188778,113.287015,白云区白云大道南1038号,2848ffd6e23c9e0f49cc4aa1
云溪生态公园,1,23.188778,113.287015,白云区白云大道南1038号,2848ffd6e23c9e0f49cc4aa1
云溪生态公园,1,23.188778,113.287015,白云区白云大道南1038号,2848ffd6e23c9e0f49cc4aa1
云溪生态公园,1,23.188778,113.287015,白云区白云大道南1038号,2848ffd6e23c9e0f49cc4aa1
云溪生态公园,1,23.188778,113.287015,白云区白云大道南1038号,2848ffd6e23c9e0f49cc4aa1
云溪生态公园,1,23.188778,113.287015,白云区白云大道南1038号,2848ffd6e23c9e0f49cc4aa1
云溪生态公园,1,23.188778,113.287015,白云区白云大道南1038号,2848ffd6e23c9e0f49cc4aa1
云溪生态公园,1,23.188778,113.287015,白云区白云大道南1038号,2848ffd6e23c9e0f49cc4aa1
云溪生态公园,1,23.188778,113.287015,白云区白云大道南1038号,2848ffd6e23c9e0f49cc4aa1
珠江公园(金穗路),1,23.125716,113.345745,天河区金穗路900号(近甲子花园),8e92d759f2b327eafbdc85ff
珠江公园(金穗路),1,23.125716,113.345745,天河区金穗路900号(近甲子花园),8e92d759f2b327eafbdc85ff
珠江公园(金穗路),1,23.125716,113.345745,天河区金穗路900号(近甲子花园),8e92d759f2b327eafbdc85ff
珠江公园(金穗路),1,23.125716,113.345745,天河区金穗路900号(近甲子花园),8e92d759f2b327eafbdc85ff
珠江公园(金穗路),1,23.125716,113.345745,天河区金穗路900号(近甲子花园),8e92d759f2b327eafbdc85ff
珠江公园(金穗路),1,23.125716,113.345745,天河区金穗路900号(近甲子花园),8e92d759f2b327eafbdc85ff
珠江公园(金穗路),1,23.125716,113.345745,天河区金穗路900号(近甲子花园),8e92d759f2b327eafbdc85ff
珠江公园(金穗路),1,23.125716,113.345745,天河区金穗路900号(近甲子花园),8e92d759f2b327eafbdc85ff
珠江公园(金穗路),1,23.125716,113.345745,天河区金穗路900号(近甲子花园),8e92d759f2b327eafbdc85ff
珠江公园(金穗路),1,23.125716,113.345745,天河区金穗路900号(近甲子花园),8e92d759f2b327eafbdc85ff
海心沙亚运公园,1,23.117521,113.331427,珠江新城临江大道,b2809cc01cbcea85593ac820
海心沙亚运公园,1,23.117521,113.331427,珠江新城临江大道,b2809cc01cbcea85593ac820
海心沙亚运公园,1,23.117521,113.331427,珠江新城临江大道,b2809cc01cbcea85593ac820
海心沙亚运公园,1,23.117521,113.331427,珠江新城临江大道,b2809cc01cbcea85593ac820
海心沙亚运公园,1,23.117521,113.331427,珠江新城临江大道,b2809cc01cbcea85593ac820
海心沙亚运公园,1,23.117521,113.331427,珠江新城临江大道,b2809cc01cbcea85593ac820
海心沙亚运公园,1,23.117521,113.331427,珠江新城临江大道,b2809cc01cbcea85593ac820
海心沙亚运公园,1,23.117521,113.331427,珠江新城临江大道,b2809cc01cbcea85593ac820
海心沙亚运公园,1,23.117521,113.331427,珠江新城临江大道,b2809cc01cbcea85593ac820
荔湾湖公园,1,23.126916,113.239395,广州市荔湾区龙津西路155号,b163334ab8d4aea65a3ac807
荔湾湖公园,1,23.126916,113.239395,广州市荔湾区龙津西路155号,b163334ab8d4aea65a3ac807
荔湾湖公园,1,23.126916,113.239395,广州市荔湾区龙津西路155号,b163334ab8d4aea65a3ac807
荔湾湖公园,1,23.126916,113.239395,广州市荔湾区龙津西路155号,b163334ab8d4aea65a3ac807
荔湾湖公园,1,23.126916,113.239395,广州市荔湾区龙津西路155号,b163334ab8d4aea65a3ac807
荔湾湖公园,1,23.126916,113.239395,广州市荔湾区龙津西路155号,b163334ab8d4aea65a3ac807
荔湾湖公园,1,23.126916,113.239395,广州市荔湾区龙津西路155号,b163334ab8d4aea65a3ac807
荔湾湖公园,1,23.126916,113.239395,广州市荔湾区龙津西路155号,b163334ab8d4aea65a3ac807
荔湾湖公园,1,23.126916,113.239395,广州市荔湾区龙津西路155号,b163334ab8d4aea65a3ac807
荔湾湖公园,1,23.126916,113.239395,广州市荔湾区龙津西路155号,b163334ab8d4aea65a3ac807
麓湖公园,1,23.157358,113.288053,麓湖路11号,4e0592cba354b786ed74f821
麓湖公园,1,23.157358,113.288053,麓湖路11号,4e0592cba354b786ed74f821
麓湖公园,1,23.157358,113.288053,麓湖路11号,4e0592cba354b786ed74f821
麓湖公园,1,23.157358,113.288053,麓湖路11号,4e0592cba354b786ed74f821
麓湖公园,1,23.157358,113.288053,麓湖路11号,4e0592cba354b786ed74f821
麓湖公园,1,23.157358,113.288053,麓湖路11号,4e0592cba354b786ed74f821
麓湖公园,1,23.157358,113.288053,麓湖路11号,4e0592cba354b786ed74f821
麓湖公园,1,23.157358,113.288053,麓湖路11号,4e0592cba354b786ed74f821
麓湖公园,1,23.157358,113.288053,麓湖路11号,4e0592cba354b786ed74f821
东山湖公园,1,23.120908,113.30016,东湖路123号,34e48508154527e2d8d8913d
东山湖公园,1,23.120908,113.30016,东湖路123号,34e48508154527e2d8d8913d
东山湖公园,1,23.120908,113.30016,东湖路123号,34e48508154527e2d8d8913d
东山湖公园,1,23.120908,113.30016,东湖路123号,34e48508154527e2d8d8913d
东山湖公园,1,23.120908,113.30016,东湖路123号,34e48508154527e2d8d8913d
东山湖公园,1,23.120908,113.30016,东湖路123号,34e48508154527e2d8d8913d
东山湖公园,1,23.120908,113.30016,东湖路123号,34e48508154527e2d8d8913d
东山湖公园,1,23.120908,113.30016,东湖路123号,34e48508154527e2d8d8913d
东山湖公园,1,23.120908,113.30016,东湖路123号,34e48508154527e2d8d8913d
秀全公园(新华路),1,23.378849,113.221532,广州市花都区新华街道新华路56号,c879fa0108baae4ac909f017
秀全公园(新华路),1,23.378849,113.221532,广州市花都区新华街道新华路56号,c879fa0108baae4ac909f017
秀全公园(新华路),1,23.378849,113.221532,广州市花都区新华街道新华路56号,c879fa0108baae4ac909f017
秀全公园(新华路),1,23.378849,113.221532,广州市花都区新华街道新华路56号,c879fa0108baae4ac909f017
秀全公园(新华路),1,23.378849,113.221532,广州市花都区新华街道新华路56号,c879fa0108baae4ac909f017
秀全公园(新华路),1,23.378849,113.221532,广州市花都区新华街道新华路56号,c879fa0108baae4ac909f017
秀全公园(新华路),1,23.378849,113.221532,广州市花都区新华街道新华路56号,c879fa0108baae4ac909f017
秀全公园(新华路),1,23.378849,113.221532,广州市花都区新华街道新华路56号,c879fa0108baae4ac909f017
秀全公园(新华路),1,23.378849,113.221532,广州市花都区新华街道新华路56号,c879fa0108baae4ac909f017
花都香草世界,1,23.47047,113.267296,花都区花山镇铁山村香草世界,8fde79cce02843a694ca079e
花都香草世界,1,23.47047,113.267296,花都区花山镇铁山村香草世界,8fde79cce02843a694ca079e
花都香草世界,1,23.47047,113.267296,花都区花山镇铁山村香草世界,8fde79cce02843a694ca079e
花都香草世界,1,23.47047,113.267296,花都区花山镇铁山村香草世界,8fde79cce02843a694ca079e
花都香草世界,1,23.47047,113.267296,花都区花山镇铁山村香草世界,8fde79cce02843a694ca079e
花都香草世界,1,23.47047,113.267296,花都区花山镇铁山村香草世界,8fde79cce02843a694ca079e
花都香草世界,1,23.47047,113.267296,花都区花山镇铁山村香草世界,8fde79cce02843a694ca079e
花都香草世界,1,23.47047,113.267296,花都区花山镇铁山村香草世界,8fde79cce02843a694ca079e
花都香草世界,1,23.47047,113.267296,花都区花山镇铁山村香草世界,8fde79cce02843a694ca079e
杨桃公园,1,23.118724,113.420345,广州市天河区桃园路15号,50f7d146e81e03c472210beb
杨桃公园,1,23.118724,113.420345,广州市天河区桃园路15号,50f7d146e81e03c472210beb
杨桃公园,1,23.118724,113.420345,广州市天河区桃园路15号,50f7d146e81e03c472210beb
杨桃公园,1,23.118724,113.420345,广州市天河区桃园路15号,50f7d146e81e03c472210beb
杨桃公园,1,23.118724,113.420345,广州市天河区桃园路15号,50f7d146e81e03c472210beb
杨桃公园,1,23.118724,113.420345,广州市天河区桃园路15号,50f7d146e81e03c472210beb
杨桃公园,1,23.118724,113.420345,广州市天河区桃园路15号,50f7d146e81e03c472210beb
杨桃公园,1,23.118724,113.420345,广州市天河区桃园路15号,50f7d146e81e03c472210beb
杨桃公园,1,23.118724,113.420345,广州市天河区桃园路15号,50f7d146e81e03c472210beb
杨桃公园,1,23.118724,113.420345,广州市天河区桃园路15号,50f7d146e81e03c472210beb
晓港公园,1,23.102888,113.287321,广州市海珠区前进路146号,9b9574704c5ba93d3d9a5ebd
晓港公园,1,23.102888,113.287321,广州市海珠区前进路146号,9b9574704c5ba93d3d9a5ebd
晓港公园,1,23.102888,113.287321,广州市海珠区前进路146号,9b9574704c5ba93d3d9a5ebd
晓港公园,1,23.102888,113.287321,广州市海珠区前进路146号,9b9574704c5ba93d3d9a5ebd
晓港公园,1,23.102888,113.287321,广州市海珠区前进路146号,9b9574704c5ba93d3d9a5ebd
晓港公园,1,23.102888,113.287321,广州市海珠区前进路146号,9b9574704c5ba93d3d9a5ebd
晓港公园,1,23.102888,113.287321,广州市海珠区前进路146号,9b9574704c5ba93d3d9a5ebd
晓港公园,1,23.102888,113.287321,广州市海珠区前进路146号,9b9574704c5ba93d3d9a5ebd
晓港公园,1,23.102888,113.287321,广州市海珠区前进路146号,9b9574704c5ba93d3d9a5ebd
晓港公园,1,23.102888,113.287321,广州市海珠区前进路146号,9b9574704c5ba93d3d9a5ebd
龙眼洞森林公园,1,23.209925,113.368931,龙洞街道,f696f3c2f3c638eb1b11d5ea
龙眼洞森林公园,1,23.209925,113.368931,龙洞街道,f696f3c2f3c638eb1b11d5ea
龙眼洞森林公园,1,23.209925,113.368931,龙洞街道,f696f3c2f3c638eb1b11d5ea
龙眼洞森林公园,1,23.209925,113.368931,龙洞街道,f696f3c2f3c638eb1b11d5ea
龙眼洞森林公园,1,23.209925,113.368931,龙洞街道,f696f3c2f3c638eb1b11d5ea
龙眼洞森林公园,1,23.209925,113.368931,龙洞街道,f696f3c2f3c638eb1b11d5ea
龙眼洞森林公园,1,23.209925,113.368931,龙洞街道,f696f3c2f3c638eb1b11d5ea
龙眼洞森林公园,1,23.209925,113.368931,龙洞街道,f696f3c2f3c638eb1b11d5ea
龙眼洞森林公园,1,23.209925,113.368931,龙洞街道,f696f3c2f3c638eb1b11d5ea
黄埔公园,1,23.104145,113.458325,广州市黄埔区黄埔东路68号,35d52712a9f1c7acd8ecedd7
黄埔公园,1,23.104145,113.458325,广州市黄埔区黄埔东路68号,35d52712a9f1c7acd8ecedd7
黄埔公园,1,23.104145,113.458325,广州市黄埔区黄埔东路68号,35d52712a9f1c7acd8ecedd7
黄埔公园,1,23.104145,113.458325,广州市黄埔区黄埔东路68号,35d52712a9f1c7acd8ecedd7
黄埔公园,1,23.104145,113.458325,广州市黄埔区黄埔东路68号,35d52712a9f1c7acd8ecedd7
黄埔公园,1,23.104145,113.458325,广州市黄埔区黄埔东路68号,35d52712a9f1c7acd8ecedd7
黄埔公园,1,23.104145,113.458325,广州市黄埔区黄埔东路68号,35d52712a9f1c7acd8ecedd7
黄埔公园,1,23.104145,113.458325,广州市黄埔区黄埔东路68号,35d52712a9f1c7acd8ecedd7
黄埔公园,1,23.104145,113.458325,广州市黄埔区黄埔东路68号,35d52712a9f1c7acd8ecedd7
黄埔公园,1,23.104145,113.458325,广州市黄埔区黄埔东路68号,35d52712a9f1c7acd8ecedd7
文化公园,1,23.11566,113.257391,广州市荔湾区西堤二马路37号(近西堤邮局),15ed53ce6dd796549222e019
文化公园,1,23.11566,113.257391,广州市荔湾区西堤二马路37号(近西堤邮局),15ed53ce6dd796549222e019
文化公园,1,23.11566,113.257391,广州市荔湾区西堤二马路37号(近西堤邮局),15ed53ce6dd796549222e019
文化公园,1,23.11566,113.257391,广州市荔湾区西堤二马路37号(近西堤邮局),15ed53ce6dd796549222e019
文化公园,1,23.11566,113.257391,广州市荔湾区西堤二马路37号(近西堤邮局),15ed53ce6dd796549222e019
文化公园,1,23.11566,113.257391,广州市荔湾区西堤二马路37号(近西堤邮局),15ed53ce6dd796549222e019
文化公园,1,23.11566,113.257391,广州市荔湾区西堤二马路37号(近西堤邮局),15ed53ce6dd796549222e019
文化公园,1,23.11566,113.257391,广州市荔湾区西堤二马路37号(近西堤邮局),15ed53ce6dd796549222e019
文化公园,1,23.11566,113.257391,广州市荔湾区西堤二马路37号(近西堤邮局),15ed53ce6dd796549222e019
文化公园,1,23.11566,113.257391,广州市荔湾区西堤二马路37号(近西堤邮局),15ed53ce6dd796549222e019
白云公园,1,23.187988,113.276272,广州市白云区云城西路890号,6bcccd46dc415dce45e27456
白云公园,1,23.187988,113.276272,广州市白云区云城西路890号,6bcccd46dc415dce45e27456
白云公园,1,23.187988,113.276272,广州市白云区云城西路890号,6bcccd46dc415dce45e27456
白云公园,1,23.187988,113.276272,广州市白云区云城西路890号,6bcccd46dc415dce45e27456
白云公园,1,23.187988,113.276272,广州市白云区云城西路890号,6bcccd46dc415dce45e27456
白云公园,1,23.187988,113.276272,广州市白云区云城西路890号,6bcccd46dc415dce45e27456
白云公园,1,23.187988,113.276272,广州市白云区云城西路890号,6bcccd46dc415dce45e27456
白云公园,1,23.187988,113.276272,广州市白云区云城西路890号,6bcccd46dc415dce45e27456
白云公园,1,23.187988,113.276272,广州市白云区云城西路890号,6bcccd46dc415dce45e27456
花果山公园,1,23.394942,113.225624,广州市云山大道61-3,dffd464211daf0cf3c9a5e0f
花果山公园,1,23.394942,113.225624,广州市云山大道61-3,dffd464211daf0cf3c9a5e0f
花果山公园,1,23.394942,113.225624,广州市云山大道61-3,dffd464211daf0cf3c9a5e0f
花果山公园,1,23.394942,113.225624,广州市云山大道61-3,dffd464211daf0cf3c9a5e0f
花果山公园,1,23.394942,113.225624,广州市云山大道61-3,dffd464211daf0cf3c9a5e0f
花果山公园,1,23.394942,113.225624,广州市云山大道61-3,dffd464211daf0cf3c9a5e0f
花果山公园,1,23.394942,113.225624,广州市云山大道61-3,dffd464211daf0cf3c9a5e0f
花果山公园,1,23.394942,113.225624,广州市云山大道61-3,dffd464211daf0cf3c9a5e0f
花果山公园,1,23.394942,113.225624,广州市云山大道61-3,dffd464211daf0cf3c9a5e0f
长湴公园,1,23.178383,113.362409,广东省广州市天河区长湴公园(美景路北),373cf7572414e06e4354d7ea
长湴公园,1,23.178383,113.362409,广东省广州市天河区长湴公园(美景路北),373cf7572414e06e4354d7ea
长湴公园,1,23.178383,113.362409,广东省广州市天河区长湴公园(美景路北),373cf7572414e06e4354d7ea
长湴公园,1,23.178383,113.362409,广东省广州市天河区长湴公园(美景路北),373cf7572414e06e4354d7ea
长湴公园,1,23.178383,113.362409,广东省广州市天河区长湴公园(美景路北),373cf7572414e06e4354d7ea
长湴公园,1,23.178383,113.362409,广东省广州市天河区长湴公园(美景路北),373cf7572414e06e4354d7ea
长湴公园,1,23.178383,113.362409,广东省广州市天河区长湴公园(美景路北),373cf7572414e06e4354d7ea
长湴公园,1,23.178383,113.362409,广东省广州市天河区长湴公园(美景路北),373cf7572414e06e4354d7ea
长湴公园,1,23.178383,113.362409,广东省广州市天河区长湴公园(美景路北),373cf7572414e06e4354d7ea
广州市儿童公园,1,23.19049,113.278766,齐心路61号,d8b31b50ce26c549157643af
广州市儿童公园,1,23.19049,113.278766,齐心路61号,d8b31b50ce26c549157643af
广州市儿童公园,1,23.19049,113.278766,齐心路61号,d8b31b50ce26c549157643af
广州市儿童公园,1,23.19049,113.278766,齐心路61号,d8b31b50ce26c549157643af
广州市儿童公园,1,23.19049,113.278766,齐心路61号,d8b31b50ce26c549157643af
广州市儿童公园,1,23.19049,113.278766,齐心路61号,d8b31b50ce26c549157643af
广州市儿童公园,1,23.19049,113.278766,齐心路61号,d8b31b50ce26c549157643af
广州市儿童公园,1,23.19049,113.278766,齐心路61号,d8b31b50ce26c549157643af
广州市儿童公园,1,23.19049,113.278766,齐心路61号,d8b31b50ce26c549157643af
人民公园(连新路),1,23.133628,113.270798,广东省广州市越秀区连新路2号(近公园前地铁站),101bc61bc3a114a3c42ba13d
人民公园(连新路),1,23.133628,113.270798,广东省广州市越秀区连新路2号(近公园前地铁站),101bc61bc3a114a3c42ba13d
人民公园(连新路),1,23.133628,113.270798,广东省广州市越秀区连新路2号(近公园前地铁站),101bc61bc3a114a3c42ba13d
人民公园(连新路),1,23.133628,113.270798,广东省广州市越秀区连新路2号(近公园前地铁站),101bc61bc3a114a3c42ba13d
人民公园(连新路),1,23.133628,113.270798,广东省广州市越秀区连新路2号(近公园前地铁站),101bc61bc3a114a3c42ba13d
人民公园(连新路),1,23.133628,113.270798,广东省广州市越秀区连新路2号(近公园前地铁站),101bc61bc3a114a3c42ba13d
人民公园(连新路),1,23.133628,113.270798,广东省广州市越秀区连新路2号(近公园前地铁站),101bc61bc3a114a3c42ba13d
人民公园(连新路),1,23.133628,113.270798,广东省广州市越秀区连新路2号(近公园前地铁站),101bc61bc3a114a3c42ba13d
人民公园(连新路),1,23.133628,113.270798,广东省广州市越秀区连新路2号(近公园前地铁站),101bc61bc3a114a3c42ba13d
中心湖公园,1,23.056884,113.400192,广州市番禺区南三路与环湖路交汇处,480b24d0408700e89cec2b69
中心湖公园,1,23.056884,113.400192,广州市番禺区南三路与环湖路交汇处,480b24d0408700e89cec2b69
中心湖公园,1,23.056884,113.400192,广州市番禺区南三路与环湖路交汇处,480b24d0408700e89cec2b69
中心湖公园,1,23.056884,113.400192,广州市番禺区南三路与环湖路交汇处,480b24d0408700e89cec2b69
中心湖公园,1,23.056884,113.400192,广州市番禺区南三路与环湖路交汇处,480b24d0408700e89cec2b69
中心湖公园,1,23.056884,113.400192,广州市番禺区南三路与环湖路交汇处,480b24d0408700e89cec2b69
中心湖公园,1,23.056884,113.400192,广州市番禺区南三路与环湖路交汇处,480b24d0408700e89cec2b69
中心湖公园,1,23.056884,113.400192,广州市番禺区南三路与环湖路交汇处,480b24d0408700e89cec2b69
中心湖公园,1,23.056884,113.400192,广州市番禺区南三路与环湖路交汇处,480b24d0408700e89cec2b69
天鹿湖森林公园,1,23.228731,113.426332,广东省广州市黄埔区,fa7da3e89e84e56242d63e08
天鹿湖森林公园,1,23.228731,113.426332,广东省广州市黄埔区,fa7da3e89e84e56242d63e08
天鹿湖森林公园,1,23.228731,113.426332,广东省广州市黄埔区,fa7da3e89e84e56242d63e08
天鹿湖森林公园,1,23.228731,113.426332,广东省广州市黄埔区,fa7da3e89e84e56242d63e08
天鹿湖森林公园,1,23.228731,113.426332,广东省广州市黄埔区,fa7da3e89e84e56242d63e08
天鹿湖森林公园,1,23.228731,113.426332,广东省广州市黄埔区,fa7da3e89e84e56242d63e08
天鹿湖森林公园,1,23.228731,113.426332,广东省广州市黄埔区,fa7da3e89e84e56242d63e08
天鹿湖森林公园,1,23.228731,113.426332,广东省广州市黄埔区,fa7da3e89e84e56242d63e08
天鹿湖森林公园,1,23.228731,113.426332,广东省广州市黄埔区,fa7da3e89e84e56242d63e08
石马桃花公园,1,23.273373,113.263093,马岗岭街67,c879fa010977b14ac809f0a0
石马桃花公园,1,23.273373,113.263093,马岗岭街67,c879fa010977b14ac809f0a0
石马桃花公园,1,23.273373,113.263093,马岗岭街67,c879fa010977b14ac809f0a0
石马桃花公园,1,23.273373,113.263093,马岗岭街67,c879fa010977b14ac809f0a0
石马桃花公园,1,23.273373,113.263093,马岗岭街67,c879fa010977b14ac809f0a0
石马桃花公园,1,23.273373,113.263093,马岗岭街67,c879fa010977b14ac809f0a0
石马桃花公园,1,23.273373,113.263093,马岗岭街67,c879fa010977b14ac809f0a0
石马桃花公园,1,23.273373,113.263093,马岗岭街67,c879fa010977b14ac809f0a0
石马桃花公园,1,23.273373,113.263093,马岗岭街67,c879fa010977b14ac809f0a0
凤凰山森林公园,1,23.225148,113.395662,渔沙坦村（近柯木塱村）,c031800dbcfe23000b69d9d7
凤凰山森林公园,1,23.225148,113.395662,渔沙坦村（近柯木塱村）,c031800dbcfe23000b69d9d7
凤凰山森林公园,1,23.225148,113.395662,渔沙坦村（近柯木塱村）,c031800dbcfe23000b69d9d7
凤凰山森林公园,1,23.225148,113.395662,渔沙坦村（近柯木塱村）,c031800dbcfe23000b69d9d7
凤凰山森林公园,1,23.225148,113.395662,渔沙坦村（近柯木塱村）,c031800dbcfe23000b69d9d7
凤凰山森林公园,1,23.225148,113.395662,渔沙坦村（近柯木塱村）,c031800dbcfe23000b69d9d7
凤凰山森林公园,1,23.225148,113.395662,渔沙坦村（近柯木塱村）,c031800dbcfe23000b69d9d7
凤凰山森林公园,1,23.225148,113.395662,渔沙坦村（近柯木塱村）,c031800dbcfe23000b69d9d7
凤凰山森林公园,1,23.225148,113.395662,渔沙坦村（近柯木塱村）,c031800dbcfe23000b69d9d7
滨江公园(彩滨中路),1,23.164829,113.221696,广东省广州市白云区金沙洲白云儿童公园(环洲三路东),a4d643935c4bc789f8f0cbd9
滨江公园(彩滨中路),1,23.164829,113.221696,广东省广州市白云区金沙洲白云儿童公园(环洲三路东),a4d643935c4bc789f8f0cbd9
滨江公园(彩滨中路),1,23.164829,113.221696,广东省广州市白云区金沙洲白云儿童公园(环洲三路东),a4d643935c4bc789f8f0cbd9
滨江公园(彩滨中路),1,23.164829,113.221696,广东省广州市白云区金沙洲白云儿童公园(环洲三路东),a4d643935c4bc789f8f0cbd9
滨江公园(彩滨中路),1,23.164829,113.221696,广东省广州市白云区金沙洲白云儿童公园(环洲三路东),a4d643935c4bc789f8f0cbd9
滨江公园(彩滨中路),1,23.164829,113.221696,广东省广州市白云区金沙洲白云儿童公园(环洲三路东),a4d643935c4bc789f8f0cbd9
滨江公园(彩滨中路),1,23.164829,113.221696,广东省广州市白云区金沙洲白云儿童公园(环洲三路东),a4d643935c4bc789f8f0cbd9
滨江公园(彩滨中路),1,23.164829,113.221696,广东省广州市白云区金沙洲白云儿童公园(环洲三路东),a4d643935c4bc789f8f0cbd9
滨江公园(彩滨中路),1,23.164829,113.221696,广东省广州市白云区金沙洲白云儿童公园(环洲三路东),a4d643935c4bc789f8f0cbd9
瀛洲生态公园,1,23.056733,113.364684,海珠区小洲东路138号,3e026f86434e1705e215f964
瀛洲生态公园,1,23.056733,113.364684,海珠区小洲东路138号,3e026f86434e1705e215f964
瀛洲生态公园,1,23.056733,113.364684,海珠区小洲东路138号,3e026f86434e1705e215f964
瀛洲生态公园,1,23.056733,113.364684,海珠区小洲东路138号,3e026f86434e1705e215f964
瀛洲生态公园,1,23.056733,113.364684,海珠区小洲东路138号,3e026f86434e1705e215f964
瀛洲生态公园,1,23.056733,113.364684,海珠区小洲东路138号,3e026f86434e1705e215f964
瀛洲生态公园,1,23.056733,113.364684,海珠区小洲东路138号,3e026f86434e1705e215f964
瀛洲生态公园,1,23.056733,113.364684,海珠区小洲东路138号,3e026f86434e1705e215f964
瀛洲生态公园,1,23.056733,113.364684,海珠区小洲东路138号,3e026f86434e1705e215f964
瀛洲生态公园,1,23.056733,113.364684,海珠区小洲东路138号,3e026f86434e1705e215f964
醉观公园,1,23.105081,113.237793,荔湾区芳村大道中275号(近地铁芳村站),bd5e651307d21b66c5effbe0
醉观公园,1,23.105081,113.237793,荔湾区芳村大道中275号(近地铁芳村站),bd5e651307d21b66c5effbe0
醉观公园,1,23.105081,113.237793,荔湾区芳村大道中275号(近地铁芳村站),bd5e651307d21b66c5effbe0
醉观公园,1,23.105081,113.237793,荔湾区芳村大道中275号(近地铁芳村站),bd5e651307d21b66c5effbe0
醉观公园,1,23.105081,113.237793,荔湾区芳村大道中275号(近地铁芳村站),bd5e651307d21b66c5effbe0
醉观公园,1,23.105081,113.237793,荔湾区芳村大道中275号(近地铁芳村站),bd5e651307d21b66c5effbe0
醉观公园,1,23.105081,113.237793,荔湾区芳村大道中275号(近地铁芳村站),bd5e651307d21b66c5effbe0
醉观公园,1,23.105081,113.237793,荔湾区芳村大道中275号(近地铁芳村站),bd5e651307d21b66c5effbe0
醉观公园,1,23.105081,113.237793,荔湾区芳村大道中275号(近地铁芳村站),bd5e651307d21b66c5effbe0
醉观公园,1,23.105081,113.237793,荔湾区芳村大道中275号(近地铁芳村站),bd5e651307d21b66c5effbe0
庄头公园,1,23.086264,113.271064,海珠区工业大道中220号(珠江医院对面),c66723ac0c6328eb1d5800d8
庄头公园,1,23.086264,113.271064,海珠区工业大道中220号(珠江医院对面),c66723ac0c6328eb1d5800d8
庄头公园,1,23.086264,113.271064,海珠区工业大道中220号(珠江医院对面),c66723ac0c6328eb1d5800d8
庄头公园,1,23.086264,113.271064,海珠区工业大道中220号(珠江医院对面),c66723ac0c6328eb1d5800d8
庄头公园,1,23.086264,113.271064,海珠区工业大道中220号(珠江医院对面),c66723ac0c6328eb1d5800d8
庄头公园,1,23.086264,113.271064,海珠区工业大道中220号(珠江医院对面),c66723ac0c6328eb1d5800d8
庄头公园,1,23.086264,113.271064,海珠区工业大道中220号(珠江医院对面),c66723ac0c6328eb1d5800d8
庄头公园,1,23.086264,113.271064,海珠区工业大道中220号(珠江医院对面),c66723ac0c6328eb1d5800d8
庄头公园,1,23.086264,113.271064,海珠区工业大道中220号(珠江医院对面),c66723ac0c6328eb1d5800d8
云台花园,1,23.163372,113.296275,广东省广州市白云区广园中路801号,4edf9fbfface0594cd06a4a5
云台花园,1,23.163372,113.296275,广东省广州市白云区广园中路801号,4edf9fbfface0594cd06a4a5
云台花园,1,23.163372,113.296275,广东省广州市白云区广园中路801号,4edf9fbfface0594cd06a4a5
云台花园,1,23.163372,113.296275,广东省广州市白云区广园中路801号,4edf9fbfface0594cd06a4a5
云台花园,1,23.163372,113.296275,广东省广州市白云区广园中路801号,4edf9fbfface0594cd06a4a5
云台花园,1,23.163372,113.296275,广东省广州市白云区广园中路801号,4edf9fbfface0594cd06a4a5
云台花园,1,23.163372,113.296275,广东省广州市白云区广园中路801号,4edf9fbfface0594cd06a4a5
云台花园,1,23.163372,113.296275,广东省广州市白云区广园中路801号,4edf9fbfface0594cd06a4a5
云台花园,1,23.163372,113.296275,广东省广州市白云区广园中路801号,4edf9fbfface0594cd06a4a5
广州雕塑公园,1,23.155609,113.276979,广东省广州市越秀区下塘西路545号,e30828485cd2b0bcb24c4999
广州雕塑公园,1,23.155609,113.276979,广东省广州市越秀区下塘西路545号,e30828485cd2b0bcb24c4999
广州雕塑公园,1,23.155609,113.276979,广东省广州市越秀区下塘西路545号,e30828485cd2b0bcb24c4999
广州雕塑公园,1,23.155609,113.276979,广东省广州市越秀区下塘西路545号,e30828485cd2b0bcb24c4999
广州雕塑公园,1,23.155609,113.276979,广东省广州市越秀区下塘西路545号,e30828485cd2b0bcb24c4999
广州雕塑公园,1,23.155609,113.276979,广东省广州市越秀区下塘西路545号,e30828485cd2b0bcb24c4999
广州雕塑公园,1,23.155609,113.276979,广东省广州市越秀区下塘西路545号,e30828485cd2b0bcb24c4999
广州雕塑公园,1,23.155609,113.276979,广东省广州市越秀区下塘西路545号,e30828485cd2b0bcb24c4999
广州雕塑公园,1,23.155609,113.276979,广东省广州市越秀区下塘西路545号,e30828485cd2b0bcb24c4999
花都区盘古王公园,1,23.494948,113.164963,狮岭镇振兴村龙田面一巷2号,68a96df19bcc6e165fbe862e
花都区盘古王公园,1,23.494948,113.164963,狮岭镇振兴村龙田面一巷2号,68a96df19bcc6e165fbe862e
花都区盘古王公园,1,23.494948,113.164963,狮岭镇振兴村龙田面一巷2号,68a96df19bcc6e165fbe862e
花都区盘古王公园,1,23.494948,113.164963,狮岭镇振兴村龙田面一巷2号,68a96df19bcc6e165fbe862e
花都区盘古王公园,1,23.494948,113.164963,狮岭镇振兴村龙田面一巷2号,68a96df19bcc6e165fbe862e
花都区盘古王公园,1,23.494948,113.164963,狮岭镇振兴村龙田面一巷2号,68a96df19bcc6e165fbe862e
花都区盘古王公园,1,23.494948,113.164963,狮岭镇振兴村龙田面一巷2号,68a96df19bcc6e165fbe862e
花都区盘古王公园,1,23.494948,113.164963,狮岭镇振兴村龙田面一巷2号,68a96df19bcc6e165fbe862e
花都区盘古王公园,1,23.494948,113.164963,狮岭镇振兴村龙田面一巷2号,68a96df19bcc6e165fbe862e
花都区盘古王公园,1,23.494948,113.164963,狮岭镇振兴村龙田面一巷2号,68a96df19bcc6e165fbe862e
飞翔公园,1,23.174754,113.270385,广州市白云区向云东街116号,39d70b70e084f4aec4f025d0
飞翔公园,1,23.174754,113.270385,广州市白云区向云东街116号,39d70b70e084f4aec4f025d0
飞翔公园,1,23.174754,113.270385,广州市白云区向云东街116号,39d70b70e084f4aec4f025d0
飞翔公园,1,23.174754,113.270385,广州市白云区向云东街116号,39d70b70e084f4aec4f025d0
飞翔公园,1,23.174754,113.270385,广州市白云区向云东街116号,39d70b70e084f4aec4f025d0
飞翔公园,1,23.174754,113.270385,广州市白云区向云东街116号,39d70b70e084f4aec4f025d0
飞翔公园,1,23.174754,113.270385,广州市白云区向云东街116号,39d70b70e084f4aec4f025d0
飞翔公园,1,23.174754,113.270385,广州市白云区向云东街116号,39d70b70e084f4aec4f025d0
飞翔公园,1,23.174754,113.270385,广州市白云区向云东街116号,39d70b70e084f4aec4f025d0
车陂公园,1,23.126245,113.402375,广州市天河区车陂高地大街南1号,9ee7cc78fb27b67016c905eb
车陂公园,1,23.126245,113.402375,广州市天河区车陂高地大街南1号,9ee7cc78fb27b67016c905eb
车陂公园,1,23.126245,113.402375,广州市天河区车陂高地大街南1号,9ee7cc78fb27b67016c905eb
车陂公园,1,23.126245,113.402375,广州市天河区车陂高地大街南1号,9ee7cc78fb27b67016c905eb
车陂公园,1,23.126245,113.402375,广州市天河区车陂高地大街南1号,9ee7cc78fb27b67016c905eb
车陂公园,1,23.126245,113.402375,广州市天河区车陂高地大街南1号,9ee7cc78fb27b67016c905eb
车陂公园,1,23.126245,113.402375,广州市天河区车陂高地大街南1号,9ee7cc78fb27b67016c905eb
车陂公园,1,23.126245,113.402375,广州市天河区车陂高地大街南1号,9ee7cc78fb27b67016c905eb
车陂公园,1,23.126245,113.402375,广州市天河区车陂高地大街南1号,9ee7cc78fb27b67016c905eb
上涌果树公园,1,23.082685,113.313496,广州大道南新滘西路68号,edd64ce112bd0d883fe2315d
上涌果树公园,1,23.082685,113.313496,广州大道南新滘西路68号,edd64ce112bd0d883fe2315d
上涌果树公园,1,23.082685,113.313496,广州大道南新滘西路68号,edd64ce112bd0d883fe2315d
上涌果树公园,1,23.082685,113.313496,广州大道南新滘西路68号,edd64ce112bd0d883fe2315d
上涌果树公园,1,23.082685,113.313496,广州大道南新滘西路68号,edd64ce112bd0d883fe2315d
上涌果树公园,1,23.082685,113.313496,广州大道南新滘西路68号,edd64ce112bd0d883fe2315d
上涌果树公园,1,23.082685,113.313496,广州大道南新滘西路68号,edd64ce112bd0d883fe2315d
上涌果树公园,1,23.082685,113.313496,广州大道南新滘西路68号,edd64ce112bd0d883fe2315d
上涌果树公园,1,23.082685,113.313496,广州大道南新滘西路68号,edd64ce112bd0d883fe2315d
燕岭公园,1,23.16062,113.332749,广东省广州市天河区五山燕岭公园(广园快速路北),f43011f087d3ddfaa3046481
燕岭公园,1,23.16062,113.332749,广东省广州市天河区五山燕岭公园(广园快速路北),f43011f087d3ddfaa3046481
燕岭公园,1,23.16062,113.332749,广东省广州市天河区五山燕岭公园(广园快速路北),f43011f087d3ddfaa3046481
燕岭公园,1,23.16062,113.332749,广东省广州市天河区五山燕岭公园(广园快速路北),f43011f087d3ddfaa3046481
燕岭公园,1,23.16062,113.332749,广东省广州市天河区五山燕岭公园(广园快速路北),f43011f087d3ddfaa3046481
燕岭公园,1,23.16062,113.332749,广东省广州市天河区五山燕岭公园(广园快速路北),f43011f087d3ddfaa3046481
燕岭公园,1,23.16062,113.332749,广东省广州市天河区五山燕岭公园(广园快速路北),f43011f087d3ddfaa3046481
燕岭公园,1,23.16062,113.332749,广东省广州市天河区五山燕岭公园(广园快速路北),f43011f087d3ddfaa3046481
燕岭公园,1,23.16062,113.332749,广东省广州市天河区五山燕岭公园(广园快速路北),f43011f087d3ddfaa3046481
